
> satta-matka-website@0.1.0 build
> next build --turbopack

   ▲ Next.js 15.5.4 (Turbopack)
   - Environments: .env.local, .env

   Creating an optimized production build ...
 ✓ Finished writing to disk in 339ms
 ✓ Compiled successfully in 3.5s
   Linting and checking validity of types ...

Failed to compile.

./src/app/(website)/[slug]/page.tsx
11:10  Warning: 'toSlug' is defined but never used.  @typescript-eslint/no-unused-vars
17:36  Error: Unexpected any. Specify a different type.  @typescript-eslint/no-explicit-any
21:42  Error: Unexpected any. Specify a different type.  @typescript-eslint/no-explicit-any
63:19  Error: Unexpected any. Specify a different type.  @typescript-eslint/no-explicit-any

./src/app/(website)/contact-us/page.tsx
8:138  Error: Unexpected any. Specify a different type.  @typescript-eslint/no-explicit-any
21:124  Error: Unexpected any. Specify a different type.  @typescript-eslint/no-explicit-any
24:19  Error: Unexpected any. Specify a different type.  @typescript-eslint/no-explicit-any

./src/app/(website)/date-fix/page.tsx
116:15  Error: Unexpected any. Specify a different type.  @typescript-eslint/no-explicit-any

./src/app/(website)/jodi-chart/[slug]/page.tsx
5:10  Warning: 'Badge' is defined but never used.  @typescript-eslint/no-unused-vars
7:10  Warning: 'SchemaScripts' is defined but never used.  @typescript-eslint/no-unused-vars
7:52  Warning: 'fillPlaceholdersDeep' is defined but never used.  @typescript-eslint/no-unused-vars
140:37  Error: Unexpected any. Specify a different type.  @typescript-eslint/no-explicit-any
141:41  Error: Unexpected any. Specify a different type.  @typescript-eslint/no-explicit-any
186:35  Error: Unexpected any. Specify a different type.  @typescript-eslint/no-explicit-any
187:39  Error: Unexpected any. Specify a different type.  @typescript-eslint/no-explicit-any
200:39  Error: Unexpected any. Specify a different type.  @typescript-eslint/no-explicit-any
243:9  Warning: 'dayColumnsAbbr' is assigned a value but never used.  @typescript-eslint/no-unused-vars
280:9  Warning: 'topJodis' is assigned a value but never used.  @typescript-eslint/no-unused-vars
440:34  Error: Unexpected any. Specify a different type.  @typescript-eslint/no-explicit-any

./src/app/(website)/layout.tsx
7:25  Warning: 'HCard' is defined but never used.  @typescript-eslint/no-unused-vars
15:34  Error: Unexpected any. Specify a different type.  @typescript-eslint/no-explicit-any
39:34  Error: Unexpected any. Specify a different type.  @typescript-eslint/no-explicit-any
45:42  Error: Unexpected any. Specify a different type.  @typescript-eslint/no-explicit-any
82:101  Error: Unexpected any. Specify a different type.  @typescript-eslint/no-explicit-any
84:121  Error: Unexpected any. Specify a different type.  @typescript-eslint/no-explicit-any
88:112  Error: Unexpected any. Specify a different type.  @typescript-eslint/no-explicit-any
130:15  Error: Do not use an `<a>` element to navigate to `/privacy-policy/`. Use `<Link />` from `next/link` instead. See: https://nextjs.org/docs/messages/no-html-link-for-pages  @next/next/no-html-link-for-pages
131:15  Error: Do not use an `<a>` element to navigate to `/terms-and-conditions/`. Use `<Link />` from `next/link` instead. See: https://nextjs.org/docs/messages/no-html-link-for-pages  @next/next/no-html-link-for-pages
132:15  Error: Do not use an `<a>` element to navigate to `/contact-us/`. Use `<Link />` from `next/link` instead. See: https://nextjs.org/docs/messages/no-html-link-for-pages  @next/next/no-html-link-for-pages

./src/app/(website)/page.tsx
1:29  Warning: 'CardDescription' is defined but never used.  @typescript-eslint/no-unused-vars
1:46  Warning: 'CardHeader' is defined but never used.  @typescript-eslint/no-unused-vars
1:58  Warning: 'CardTitle' is defined but never used.  @typescript-eslint/no-unused-vars

./src/app/(website)/panel-chart/[slug]/page.tsx
5:10  Warning: 'Badge' is defined but never used.  @typescript-eslint/no-unused-vars
120:37  Error: Unexpected any. Specify a different type.  @typescript-eslint/no-explicit-any
121:39  Error: Unexpected any. Specify a different type.  @typescript-eslint/no-explicit-any
133:20  Warning: '_' is assigned a value but never used.  @typescript-eslint/no-unused-vars
154:33  Error: Unexpected any. Specify a different type.  @typescript-eslint/no-explicit-any
212:9  Warning: 'topOpen' is assigned a value but never used.  @typescript-eslint/no-unused-vars
213:9  Warning: 'topClose' is assigned a value but never used.  @typescript-eslint/no-unused-vars
229:19  Error: Unexpected any. Specify a different type.  @typescript-eslint/no-explicit-any
381:34  Error: Unexpected any. Specify a different type.  @typescript-eslint/no-explicit-any

./src/app/(website)/privacy-policy/page.tsx
24:19  Error: Unexpected any. Specify a different type.  @typescript-eslint/no-explicit-any

./src/app/(website)/results/page.tsx
16:42  Error: Unexpected any. Specify a different type.  @typescript-eslint/no-explicit-any
62:28  Error: Unexpected any. Specify a different type.  @typescript-eslint/no-explicit-any

./src/app/(website)/terms-and-conditions/page.tsx
24:19  Error: Unexpected any. Specify a different type.  @typescript-eslint/no-explicit-any

./src/app/(website)/weekly-jodi/page.tsx
89:15  Error: Unexpected any. Specify a different type.  @typescript-eslint/no-explicit-any

./src/app/admin/(protected)/content/page.tsx
5:10  Warning: 'Switch' is defined but never used.  @typescript-eslint/no-unused-vars
6:26  Warning: 'Eye' is defined but never used.  @typescript-eslint/no-unused-vars
6:31  Warning: 'EyeOff' is defined but never used.  @typescript-eslint/no-unused-vars
22:9  Warning: 'user' is assigned a value but never used.  @typescript-eslint/no-unused-vars

./src/app/admin/(protected)/dashboard/page.tsx
105:17  Error: `'` can be escaped with `&apos;`, `&lsquo;`, `&#39;`, `&rsquo;`.  react/no-unescaped-entities
105:24  Error: `'` can be escaped with `&apos;`, `&lsquo;`, `&#39;`, `&rsquo;`.  react/no-unescaped-entities

./src/app/admin/(protected)/date-fix/page.tsx
7:9  Warning: 'user' is assigned a value but never used.  @typescript-eslint/no-unused-vars

./src/app/admin/(protected)/markets/page.tsx
11:9  Warning: 'user' is assigned a value but never used.  @typescript-eslint/no-unused-vars

./src/app/admin/(protected)/results/history/page.tsx
8:9  Warning: 'user' is assigned a value but never used.  @typescript-eslint/no-unused-vars

./src/app/admin/(protected)/results/page.tsx
1:29  Warning: 'CardDescription' is defined but never used.  @typescript-eslint/no-unused-vars
3:10  Warning: 'Badge' is defined but never used.  @typescript-eslint/no-unused-vars
4:10  Warning: 'Tabs' is defined but never used.  @typescript-eslint/no-unused-vars
4:16  Warning: 'TabsContent' is defined but never used.  @typescript-eslint/no-unused-vars
4:29  Warning: 'TabsList' is defined but never used.  @typescript-eslint/no-unused-vars
4:39  Warning: 'TabsTrigger' is defined but never used.  @typescript-eslint/no-unused-vars
5:16  Warning: 'Calendar' is defined but never used.  @typescript-eslint/no-unused-vars
5:26  Warning: 'TrendingUp' is defined but never used.  @typescript-eslint/no-unused-vars
5:45  Warning: 'CheckCircle' is defined but never used.  @typescript-eslint/no-unused-vars
6:10  Warning: 'ResultEntryForm' is defined but never used.  @typescript-eslint/no-unused-vars
8:10  Warning: 'ResultsTable' is defined but never used.  @typescript-eslint/no-unused-vars
10:10  Warning: 'Popover' is defined but never used.  @typescript-eslint/no-unused-vars
10:19  Warning: 'PopoverTrigger' is defined but never used.  @typescript-eslint/no-unused-vars
10:35  Warning: 'PopoverContent' is defined but never used.  @typescript-eslint/no-unused-vars
11:22  Warning: 'RangeCalendar' is defined but never used.  @typescript-eslint/no-unused-vars
12:10  Warning: 'HistoryRangePicker' is defined but never used.  @typescript-eslint/no-unused-vars
15:10  Warning: 'formatDateInput' is defined but never used.  @typescript-eslint/no-unused-vars
34:9  Warning: 'user' is assigned a value but never used.  @typescript-eslint/no-unused-vars
61:61  Error: `'` can be escaped with `&apos;`, `&lsquo;`, `&#39;`, `&rsquo;`.  react/no-unescaped-entities

./src/app/admin/(protected)/sections/page.tsx
7:9  Warning: 'user' is assigned a value but never used.  @typescript-eslint/no-unused-vars

./src/app/admin/(protected)/system-settings/page.tsx
11:10  Warning: 'getCurrentUser' is defined but never used.  @typescript-eslint/no-unused-vars
44:30  Error: Unexpected any. Specify a different type.  @typescript-eslint/no-explicit-any
45:29  Error: Unexpected any. Specify a different type.  @typescript-eslint/no-explicit-any
46:30  Error: Unexpected any. Specify a different type.  @typescript-eslint/no-explicit-any
47:31  Error: Unexpected any. Specify a different type.  @typescript-eslint/no-explicit-any
48:28  Error: Unexpected any. Specify a different type.  @typescript-eslint/no-explicit-any
49:29  Error: Unexpected any. Specify a different type.  @typescript-eslint/no-explicit-any
50:30  Error: Unexpected any. Specify a different type.  @typescript-eslint/no-explicit-any
173:34  Error: Unexpected any. Specify a different type.  @typescript-eslint/no-explicit-any

./src/app/admin/(protected)/theme/page.tsx
9:10  Warning: 'Tabs' is defined but never used.  @typescript-eslint/no-unused-vars
9:16  Warning: 'TabsContent' is defined but never used.  @typescript-eslint/no-unused-vars
9:29  Warning: 'TabsList' is defined but never used.  @typescript-eslint/no-unused-vars
9:39  Warning: 'TabsTrigger' is defined but never used.  @typescript-eslint/no-unused-vars
12:3  Warning: 'Palette' is defined but never used.  @typescript-eslint/no-unused-vars
15:3  Warning: 'Eye' is defined but never used.  @typescript-eslint/no-unused-vars
19:3  Warning: 'Download' is defined but never used.  @typescript-eslint/no-unused-vars
20:3  Warning: 'Upload' is defined but never used.  @typescript-eslint/no-unused-vars
100:10  Warning: 'selectedComponent' is assigned a value but never used.  @typescript-eslint/no-unused-vars
100:29  Warning: 'setSelectedComponent' is assigned a value but never used.  @typescript-eslint/no-unused-vars

./src/app/admin/(protected)/users/page.tsx
20:44  Error: Unexpected any. Specify a different type.  @typescript-eslint/no-explicit-any

./src/app/admin/(protected)/weekly-jodi/page.tsx
7:9  Warning: 'user' is assigned a value but never used.  @typescript-eslint/no-unused-vars

./src/app/admin/login/page.tsx
41:14  Warning: 'error' is defined but never used.  @typescript-eslint/no-unused-vars

./src/app/api/admin/markets/route.ts
132:19  Error: Unexpected any. Specify a different type.  @typescript-eslint/no-explicit-any

./src/app/api/admin/page-sections/route.ts
12:18  Error: Unexpected any. Specify a different type.  @typescript-eslint/no-explicit-any
105:23  Error: Unexpected any. Specify a different type.  @typescript-eslint/no-explicit-any
107:21  Error: Unexpected any. Specify a different type.  @typescript-eslint/no-explicit-any

./src/app/api/admin/pages/route.ts
50:19  Error: Unexpected any. Specify a different type.  @typescript-eslint/no-explicit-any
71:23  Error: Unexpected any. Specify a different type.  @typescript-eslint/no-explicit-any
73:21  Error: Unexpected any. Specify a different type.  @typescript-eslint/no-explicit-any

./src/app/api/admin/results/route.ts
43:18  Error: Unexpected any. Specify a different type.  @typescript-eslint/no-explicit-any
49:20  Error: Unexpected any. Specify a different type.  @typescript-eslint/no-explicit-any
82:44  Error: Unexpected any. Specify a different type.  @typescript-eslint/no-explicit-any
110:15  Warning: 'openMin' is assigned a value but never used.  @typescript-eslint/no-unused-vars
243:39  Error: Unexpected any. Specify a different type.  @typescript-eslint/no-explicit-any
286:35  Error: Unexpected any. Specify a different type.  @typescript-eslint/no-explicit-any
294:35  Error: Unexpected any. Specify a different type.  @typescript-eslint/no-explicit-any
338:53  Error: Unexpected any. Specify a different type.  @typescript-eslint/no-explicit-any
344:39  Error: Unexpected any. Specify a different type.  @typescript-eslint/no-explicit-any
375:17  Error: Unexpected any. Specify a different type.  @typescript-eslint/no-explicit-any
378:35  Error: Unexpected any. Specify a different type.  @typescript-eslint/no-explicit-any

./src/app/api/admin/sections/route.ts
39:23  Error: Unexpected any. Specify a different type.  @typescript-eslint/no-explicit-any
41:21  Error: Unexpected any. Specify a different type.  @typescript-eslint/no-explicit-any

./src/app/api/admin/system-settings/route.ts
14:36  Error: Unexpected any. Specify a different type.  @typescript-eslint/no-explicit-any
36:46  Error: Unexpected any. Specify a different type.  @typescript-eslint/no-explicit-any

./src/app/api/admin/users/route.ts
18:16  Error: Unexpected any. Specify a different type.  @typescript-eslint/no-explicit-any

./src/app/api/cron/demo-seed/route.ts
105:18  Error: Unexpected any. Specify a different type.  @typescript-eslint/no-explicit-any

./src/app/api/markets/[slug]/latest/stream/route.ts
48:18  Error: Unexpected any. Specify a different type.  @typescript-eslint/no-explicit-any
49:15  Error: Unexpected any. Specify a different type.  @typescript-eslint/no-explicit-any
52:34  Error: Unexpected any. Specify a different type.  @typescript-eslint/no-explicit-any
55:14  Warning: 'e' is defined but never used.  @typescript-eslint/no-unused-vars
125:14  Warning: 'err' is defined but never used.  @typescript-eslint/no-unused-vars
133:3  Error: 'keepAlive' is never reassigned. Use 'const' instead.  prefer-const
137:3  Error: 'poller' is never reassigned. Use 'const' instead.  prefer-const
145:26  Error: Unexpected any. Specify a different type.  @typescript-eslint/no-explicit-any

./src/app/api/markets/live/route.ts
48:65  Error: Unexpected any. Specify a different type.  @typescript-eslint/no-explicit-any
84:31  Error: Unexpected any. Specify a different type.  @typescript-eslint/no-explicit-any

./src/app/api/markets/live/stream/route.ts
1:10  Warning: 'NextResponse' is defined but never used.  @typescript-eslint/no-unused-vars
15:23  Error: Unexpected any. Specify a different type.  @typescript-eslint/no-explicit-any
32:14  Warning: 'e' is defined but never used.  @typescript-eslint/no-unused-vars
55:14  Error: Unexpected any. Specify a different type.  @typescript-eslint/no-explicit-any

./src/app/api/predictions/daily/route.ts
14:58  Error: Unexpected any. Specify a different type.  @typescript-eslint/no-explicit-any
54:59  Error: Unexpected any. Specify a different type.  @typescript-eslint/no-explicit-any
75:60  Error: Unexpected any. Specify a different type.  @typescript-eslint/no-explicit-any
96:61  Error: Unexpected any. Specify a different type.  @typescript-eslint/no-explicit-any
119:40  Error: Unexpected any. Specify a different type.  @typescript-eslint/no-explicit-any
119:57  Error: Unexpected any. Specify a different type.  @typescript-eslint/no-explicit-any
123:64  Error: Unexpected any. Specify a different type.  @typescript-eslint/no-explicit-any

./src/app/api/system-settings/route.ts
21:36  Error: Unexpected any. Specify a different type.  @typescript-eslint/no-explicit-any

./src/components/DailyPredictionsCard.tsx
7:52  Error: Unexpected any. Specify a different type.  @typescript-eslint/no-explicit-any
26:16  Warning: 'e' is defined but never used.  @typescript-eslint/no-unused-vars

./src/components/LiveChartSSE.tsx
82:16  Warning: 'e' is defined but never used.  @typescript-eslint/no-unused-vars

./src/components/LiveChartUpdater.tsx
51:16  Error: Unexpected any. Specify a different type.  @typescript-eslint/no-explicit-any
86:16  Warning: 'err' is defined but never used.  @typescript-eslint/no-unused-vars
93:5  Error: 'timer' is never reassigned. Use 'const' instead.  prefer-const

./src/components/LiveResultsCard.tsx
27:72  Error: Unexpected any. Specify a different type.  @typescript-eslint/no-explicit-any
28:39  Error: Unexpected any. Specify a different type.  @typescript-eslint/no-explicit-any
31:16  Error: Unexpected any. Specify a different type.  @typescript-eslint/no-explicit-any
39:53  Error: Unexpected any. Specify a different type.  @typescript-eslint/no-explicit-any
47:19  Error: Unexpected any. Specify a different type.  @typescript-eslint/no-explicit-any
55:5  Error: 'timer' is never reassigned. Use 'const' instead.  prefer-const

./src/components/MarketTimingsCard.tsx
19:53  Error: Unexpected any. Specify a different type.  @typescript-eslint/no-explicit-any
26:19  Error: Unexpected any. Specify a different type.  @typescript-eslint/no-explicit-any
54:16  Error: `'` can be escaped with `&apos;`, `&lsquo;`, `&#39;`, `&rsquo;`.  react/no-unescaped-entities

./src/components/NoticeBoardCard.tsx
9:48  Error: Unexpected any. Specify a different type.  @typescript-eslint/no-explicit-any
19:62  Error: Unexpected any. Specify a different type.  @typescript-eslint/no-explicit-any
26:19  Error: Unexpected any. Specify a different type.  @typescript-eslint/no-explicit-any

./src/components/QuickStatsCard.tsx
23:19  Error: Unexpected any. Specify a different type.  @typescript-eslint/no-explicit-any

./src/components/admin/AdminLayout.tsx
8:31  Warning: 'SheetTrigger' is defined but never used.  @typescript-eslint/no-unused-vars

./src/components/admin/content/ContentEditor.tsx
9:10  Warning: 'Label' is defined but never used.  @typescript-eslint/no-unused-vars
126:6  Warning: React Hook useEffect has a missing dependency: 'form'. Either include it or remove the dependency array.  react-hooks/exhaustive-deps
137:50  Error: Unexpected any. Specify a different type.  @typescript-eslint/no-explicit-any
327:14  Warning: 'e' is defined but never used.  @typescript-eslint/no-unused-vars
332:9  Warning: 'groupedBlocks' is assigned a value but never used.  @typescript-eslint/no-unused-vars
353:16  Warning: 'e' is defined but never used.  @typescript-eslint/no-unused-vars

./src/components/admin/content/DateFixManager.tsx
3:21  Warning: 'useMemo' is defined but never used.  @typescript-eslint/no-unused-vars
50:21  Error: Unexpected any. Specify a different type.  @typescript-eslint/no-explicit-any
61:23  Error: Unexpected any. Specify a different type.  @typescript-eslint/no-explicit-any
98:21  Error: Unexpected any. Specify a different type.  @typescript-eslint/no-explicit-any
129:19  Error: Unexpected any. Specify a different type.  @typescript-eslint/no-explicit-any
136:7  Warning: Unused eslint-disable directive (no problems were reported from 'no-await-in-loop').
153:9  Warning: Unused eslint-disable directive (no problems were reported from 'no-await-in-loop').
171:19  Error: Unexpected any. Specify a different type.  @typescript-eslint/no-explicit-any

./src/components/admin/content/WeeklyJodiManager.tsx
42:23  Error: Unexpected any. Specify a different type.  @typescript-eslint/no-explicit-any
75:21  Error: Unexpected any. Specify a different type.  @typescript-eslint/no-explicit-any
106:19  Error: Unexpected any. Specify a different type.  @typescript-eslint/no-explicit-any
114:7  Warning: Unused eslint-disable directive (no problems were reported from 'no-await-in-loop').
131:9  Warning: Unused eslint-disable directive (no problems were reported from 'no-await-in-loop').
149:19  Error: Unexpected any. Specify a different type.  @typescript-eslint/no-explicit-any

./src/components/admin/database/DatabaseActions.tsx
31:19  Error: Unexpected any. Specify a different type.  @typescript-eslint/no-explicit-any

./src/components/admin/markets/MarketForm.tsx
20:3  Warning: 'Select' is defined but never used.  @typescript-eslint/no-unused-vars
21:3  Warning: 'SelectContent' is defined but never used.  @typescript-eslint/no-unused-vars
22:3  Warning: 'SelectItem' is defined but never used.  @typescript-eslint/no-unused-vars
23:3  Warning: 'SelectTrigger' is defined but never used.  @typescript-eslint/no-unused-vars
24:3  Warning: 'SelectValue' is defined but never used.  @typescript-eslint/no-unused-vars
128:6  Warning: React Hook useEffect has a missing dependency: 'form'. Either include it or remove the dependency array.  react-hooks/exhaustive-deps
172:21  Error: Unexpected any. Specify a different type.  @typescript-eslint/no-explicit-any
209:46  Error: Unexpected any. Specify a different type.  @typescript-eslint/no-explicit-any
223:46  Error: Unexpected any. Specify a different type.  @typescript-eslint/no-explicit-any
239:46  Error: Unexpected any. Specify a different type.  @typescript-eslint/no-explicit-any
253:46  Error: Unexpected any. Specify a different type.  @typescript-eslint/no-explicit-any
286:48  Error: Unexpected any. Specify a different type.  @typescript-eslint/no-explicit-any
306:48  Error: Unexpected any. Specify a different type.  @typescript-eslint/no-explicit-any
326:48  Error: Unexpected any. Specify a different type.  @typescript-eslint/no-explicit-any
359:56  Error: Unexpected any. Specify a different type.  @typescript-eslint/no-explicit-any
395:46  Error: Unexpected any. Specify a different type.  @typescript-eslint/no-explicit-any
413:46  Error: Unexpected any. Specify a different type.  @typescript-eslint/no-explicit-any

./src/components/admin/markets/MarketsTable.tsx
42:7  Warning: 'mockMarkets' is assigned a value but never used.  @typescript-eslint/no-unused-vars
111:21  Error: Unexpected any. Specify a different type.  @typescript-eslint/no-explicit-any
135:21  Error: Unexpected any. Specify a different type.  @typescript-eslint/no-explicit-any
154:21  Error: Unexpected any. Specify a different type.  @typescript-eslint/no-explicit-any
174:21  Error: Unexpected any. Specify a different type.  @typescript-eslint/no-explicit-any
305:67  Error: `"` can be escaped with `&quot;`, `&ldquo;`, `&#34;`, `&rdquo;`.  react/no-unescaped-entities
305:88  Error: `"` can be escaped with `&quot;`, `&ldquo;`, `&#34;`, `&rdquo;`.  react/no-unescaped-entities

./src/components/admin/results/BulkResultEntry.tsx
125:44  Error: Unexpected any. Specify a different type.  @typescript-eslint/no-explicit-any
168:73  Error: Unexpected any. Specify a different type.  @typescript-eslint/no-explicit-any
196:72  Error: Unexpected any. Specify a different type.  @typescript-eslint/no-explicit-any
213:72  Error: Unexpected any. Specify a different type.  @typescript-eslint/no-explicit-any

./src/components/admin/results/HistoryRangePicker.tsx
36:52  Error: Unexpected any. Specify a different type.  @typescript-eslint/no-explicit-any
77:29  Error: Unexpected any. Specify a different type.  @typescript-eslint/no-explicit-any

./src/components/admin/results/ResultEntryForm.tsx
94:9  Warning: 'jodi' is assigned a value but never used.  @typescript-eslint/no-unused-vars
106:10  Error: Unexpected any. Specify a different type.  @typescript-eslint/no-explicit-any
123:28  Error: Unexpected any. Specify a different type.  @typescript-eslint/no-explicit-any
124:27  Error: Unexpected any. Specify a different type.  @typescript-eslint/no-explicit-any
124:35  Error: Unexpected any. Specify a different type.  @typescript-eslint/no-explicit-any
131:6  Warning: React Hook useEffect has a missing dependency: 'resultId'. Either include it or remove the dependency array.  react-hooks/exhaustive-deps
233:46  Error: Unexpected any. Specify a different type.  @typescript-eslint/no-explicit-any
258:46  Error: Unexpected any. Specify a different type.  @typescript-eslint/no-explicit-any

./src/components/admin/results/ResultsManager.tsx
13:10  Warning: 'HistoryRangePicker' is defined but never used.  @typescript-eslint/no-unused-vars
328:65  Error: Unexpected any. Specify a different type.  @typescript-eslint/no-explicit-any
329:81  Error: Unexpected any. Specify a different type.  @typescript-eslint/no-explicit-any
356:50  Error: Unexpected any. Specify a different type.  @typescript-eslint/no-explicit-any
526:27  Error: `'` can be escaped with `&apos;`, `&lsquo;`, `&#39;`, `&rsquo;`.  react/no-unescaped-entities

./src/components/admin/results/ResultsTable.tsx
20:45  Warning: 'Copy' is defined but never used.  @typescript-eslint/no-unused-vars
62:47  Error: Unexpected any. Specify a different type.  @typescript-eslint/no-explicit-any
67:17  Error: Unexpected any. Specify a different type.  @typescript-eslint/no-explicit-any
86:6  Warning: React Hook useEffect has a missing dependency: 'loadResults'. Either include it or remove the dependency array.  react-hooks/exhaustive-deps
100:17  Error: Unexpected any. Specify a different type.  @typescript-eslint/no-explicit-any
120:17  Error: Unexpected any. Specify a different type.  @typescript-eslint/no-explicit-any

./src/components/sections/SectionRenderer.tsx
25:42  Error: Unexpected any. Specify a different type.  @typescript-eslint/no-explicit-any
27:50  Error: Unexpected any. Specify a different type.  @typescript-eslint/no-explicit-any
28:54  Error: Unexpected any. Specify a different type.  @typescript-eslint/no-explicit-any
29:54  Error: Unexpected any. Specify a different type.  @typescript-eslint/no-explicit-any
57:19  Error: Unexpected any. Specify a different type.  @typescript-eslint/no-explicit-any
103:17  Error: Unexpected any. Specify a different type.  @typescript-eslint/no-explicit-any
182:32  Error: Unexpected any. Specify a different type.  @typescript-eslint/no-explicit-any
187:19  Warning: 'openT' is assigned a value but never used.  @typescript-eslint/no-unused-vars
188:19  Warning: 'closeT' is assigned a value but never used.  @typescript-eslint/no-unused-vars
229:34  Error: Unexpected any. Specify a different type.  @typescript-eslint/no-explicit-any
283:26  Error: Unexpected any. Specify a different type.  @typescript-eslint/no-explicit-any
397:27  Error: Unexpected any. Specify a different type.  @typescript-eslint/no-explicit-any
419:27  Error: Unexpected any. Specify a different type.  @typescript-eslint/no-explicit-any
440:26  Error: Unexpected any. Specify a different type.  @typescript-eslint/no-explicit-any
461:26  Error: Unexpected any. Specify a different type.  @typescript-eslint/no-explicit-any
465:62  Error: Unexpected any. Specify a different type.  @typescript-eslint/no-explicit-any
490:26  Error: Unexpected any. Specify a different type.  @typescript-eslint/no-explicit-any
518:26  Error: Unexpected any. Specify a different type.  @typescript-eslint/no-explicit-any
547:27  Error: Unexpected any. Specify a different type.  @typescript-eslint/no-explicit-any
567:27  Error: Unexpected any. Specify a different type.  @typescript-eslint/no-explicit-any
586:26  Error: Unexpected any. Specify a different type.  @typescript-eslint/no-explicit-any
629:27  Error: Unexpected any. Specify a different type.  @typescript-eslint/no-explicit-any
648:35  Error: Unexpected any. Specify a different type.  @typescript-eslint/no-explicit-any
668:28  Error: Unexpected any. Specify a different type.  @typescript-eslint/no-explicit-any
687:37  Error: Unexpected any. Specify a different type.  @typescript-eslint/no-explicit-any
784:27  Error: Unexpected any. Specify a different type.  @typescript-eslint/no-explicit-any
817:27  Error: Unexpected any. Specify a different type.  @typescript-eslint/no-explicit-any
835:27  Error: Unexpected any. Specify a different type.  @typescript-eslint/no-explicit-any
852:25  Error: Unexpected any. Specify a different type.  @typescript-eslint/no-explicit-any
859:25  Error: Unexpected any. Specify a different type.  @typescript-eslint/no-explicit-any

./src/generated/prisma/client.js
4:23  Error: A `require()` style import is forbidden.  @typescript-eslint/no-require-imports

./src/generated/prisma/default.js
4:23  Error: A `require()` style import is forbidden.  @typescript-eslint/no-require-imports

./src/generated/prisma/edge.js
18:3  Warning: 'skip' is assigned a value but never used.  @typescript-eslint/no-unused-vars
24:3  Warning: 'warnOnce' is assigned a value but never used.  @typescript-eslint/no-unused-vars
27:3  Warning: 'getRuntime' is assigned a value but never used.  @typescript-eslint/no-unused-vars
28:3  Warning: 'createParam' is assigned a value but never used.  @typescript-eslint/no-unused-vars
29:5  Error: A `require()` style import is forbidden.  @typescript-eslint/no-require-imports

./src/generated/prisma/index-browser.js
13:3  Warning: 'skip' is assigned a value but never used.  @typescript-eslint/no-unused-vars
14:5  Error: A `require()` style import is forbidden.  @typescript-eslint/no-require-imports
395:11  Warning: 'target' is defined but never used.  @typescript-eslint/no-unused-vars
395:19  Warning: 'prop' is defined but never used.  @typescript-eslint/no-unused-vars

./src/generated/prisma/index.d.ts
7:8  Warning: '$Types' is defined but never used.  @typescript-eslint/no-unused-vars
284:15  Warning: 'T' is defined but never used.  @typescript-eslint/no-unused-vars
284:81  Error: Unexpected any. Specify a different type.  @typescript-eslint/no-explicit-any
296:21  Warning: 'T' is defined but never used.  @typescript-eslint/no-unused-vars
296:60  Error: Unexpected any. Specify a different type.  @typescript-eslint/no-explicit-any
307:79  Error: Unexpected any. Specify a different type.  @typescript-eslint/no-explicit-any
319:58  Error: Unexpected any. Specify a different type.  @typescript-eslint/no-explicit-any
335:47  Error: Unexpected any. Specify a different type.  @typescript-eslint/no-explicit-any
617:13  Error: Unexpected any. Specify a different type.  @typescript-eslint/no-explicit-any
618:14  Error: Unexpected any. Specify a different type.  @typescript-eslint/no-explicit-any
622:13  Error: Unexpected any. Specify a different type.  @typescript-eslint/no-explicit-any
623:11  Error: Unexpected any. Specify a different type.  @typescript-eslint/no-explicit-any
629:49  Error: Unexpected any. Specify a different type.  @typescript-eslint/no-explicit-any
634:53  Error: Unexpected any. Specify a different type.  @typescript-eslint/no-explicit-any
634:78  Error: Unexpected any. Specify a different type.  @typescript-eslint/no-explicit-any
647:23  Error: The `{}` ("empty object") type allows any non-nullish value, including literals like `0` and `""`.
- If that's what you want, disable this lint rule with an inline comment or configure the 'allowObjectTypes' rule option.
- If you want a type meaning "any object", you probably want `object` instead.
- If you want a type meaning "any value", you probably want `unknown` instead.  @typescript-eslint/no-empty-object-type
676:11  Error: The `{}` ("empty object") type allows any non-nullish value, including literals like `0` and `""`.
- If that's what you want, disable this lint rule with an inline comment or configure the 'allowObjectTypes' rule option.
- If you want a type meaning "any object", you probably want `object` instead.
- If you want a type meaning "any value", you probably want `unknown` instead.  @typescript-eslint/no-empty-object-type
703:17  Error: Constraining the generic type `T` to `any` does nothing and is unnecessary.  @typescript-eslint/no-unnecessary-type-constraint
703:27  Error: Unexpected any. Specify a different type.  @typescript-eslint/no-explicit-any
703:50  Error: Unexpected any. Specify a different type.  @typescript-eslint/no-explicit-any
709:15  Error: Prefer using the primitive `bigint` as a type name, rather than the upper-cased `BigInt`.  @typescript-eslint/no-wrapper-object-types
719:27  Error: Constraining the generic type `T` to `unknown` does nothing and is unnecessary.  @typescript-eslint/no-unnecessary-type-constraint
750:23  Error: Unexpected any. Specify a different type.  @typescript-eslint/no-explicit-any
780:26  Error: Constraining the generic type `A` to `any` does nothing and is unnecessary.  @typescript-eslint/no-unnecessary-type-constraint
780:36  Error: Unexpected any. Specify a different type.  @typescript-eslint/no-explicit-any
780:53  Error: The `Function` type accepts any function-like value.
Prefer explicitly defining any function parameters and return type.  @typescript-eslint/no-unsafe-function-type
788:32  Error: Unexpected any. Specify a different type.  @typescript-eslint/no-explicit-any
829:23  Error: Constraining the generic type `A1` to `any` does nothing and is unnecessary.  @typescript-eslint/no-unnecessary-type-constraint
829:34  Error: Unexpected any. Specify a different type.  @typescript-eslint/no-explicit-any
829:39  Error: Constraining the generic type `A2` to `any` does nothing and is unnecessary.  @typescript-eslint/no-unnecessary-type-constraint
829:50  Error: Unexpected any. Specify a different type.  @typescript-eslint/no-explicit-any
884:9  Error: The `{}` ("empty object") type allows any non-nullish value, including literals like `0` and `""`.
- If that's what you want, disable this lint rule with an inline comment or configure the 'allowObjectTypes' rule option.
- If you want a type meaning "any object", you probably want `object` instead.
- If you want a type meaning "any value", you probably want `unknown` instead.  @typescript-eslint/no-empty-object-type
893:40  Error: Unexpected any. Specify a different type.  @typescript-eslint/no-explicit-any
894:41  Error: Unexpected any. Specify a different type.  @typescript-eslint/no-explicit-any
935:39  Error: The `{}` ("empty object") type allows any non-nullish value, including literals like `0` and `""`.
- If that's what you want, disable this lint rule with an inline comment or configure the 'allowObjectTypes' rule option.
- If you want a type meaning "any object", you probably want `object` instead.
- If you want a type meaning "any value", you probably want `unknown` instead.  @typescript-eslint/no-empty-object-type
935:121  Error: Unexpected any. Specify a different type.  @typescript-eslint/no-explicit-any
936:122  Error: The `{}` ("empty object") type allows any non-nullish value, including literals like `0` and `""`.
- If that's what you want, disable this lint rule with an inline comment or configure the 'allowObjectTypes' rule option.
- If you want a type meaning "any object", you probably want `object` instead.
- If you want a type meaning "any value", you probably want `unknown` instead.  @typescript-eslint/no-empty-object-type
939:111  Error: The `{}` ("empty object") type allows any non-nullish value, including literals like `0` and `""`.
- If that's what you want, disable this lint rule with an inline comment or configure the 'allowObjectTypes' rule option.
- If you want a type meaning "any object", you probably want `object` instead.
- If you want a type meaning "any value", you probably want `unknown` instead.  @typescript-eslint/no-empty-object-type
1913:16  Error: Unexpected any. Specify a different type.  @typescript-eslint/no-explicit-any
1916:71  Error: Unexpected any. Specify a different type.  @typescript-eslint/no-explicit-any
1917:19  Error: Unexpected any. Specify a different type.  @typescript-eslint/no-explicit-any
1920:44  Error: Unexpected any. Specify a different type.  @typescript-eslint/no-explicit-any
1921:19  Error: Unexpected any. Specify a different type.  @typescript-eslint/no-explicit-any
1924:71  Error: Unexpected any. Specify a different type.  @typescript-eslint/no-explicit-any
1925:19  Error: Unexpected any. Specify a different type.  @typescript-eslint/no-explicit-any
1928:44  Error: Unexpected any. Specify a different type.  @typescript-eslint/no-explicit-any
1929:19  Error: Unexpected any. Specify a different type.  @typescript-eslint/no-explicit-any
2034:35  Error: Unexpected any. Specify a different type.  @typescript-eslint/no-explicit-any
2104:41  Warning: 'ExtArgs' is defined but never used.  @typescript-eslint/no-unused-vars
2124:52  Warning: 'ExtArgs' is defined but never used.  @typescript-eslint/no-unused-vars
2131:52  Warning: 'ExtArgs' is defined but never used.  @typescript-eslint/no-unused-vars
2138:54  Warning: 'ExtArgs' is defined but never used.  @typescript-eslint/no-unused-vars
2152:44  Warning: 'ExtArgs' is defined but never used.  @typescript-eslint/no-unused-vars
2171:60  Warning: 'ExtArgs' is defined but never used.  @typescript-eslint/no-unused-vars
2178:59  Warning: 'ExtArgs' is defined but never used.  @typescript-eslint/no-unused-vars
2192:43  Warning: 'ExtArgs' is defined but never used.  @typescript-eslint/no-unused-vars
2211:53  Warning: 'ExtArgs' is defined but never used.  @typescript-eslint/no-unused-vars
2218:56  Warning: 'ExtArgs' is defined but never used.  @typescript-eslint/no-unused-vars
2231:49  Warning: 'ExtArgs' is defined but never used.  @typescript-eslint/no-unused-vars
2249:62  Warning: 'ExtArgs' is defined but never used.  @typescript-eslint/no-unused-vars
2262:41  Warning: 'ExtArgs' is defined but never used.  @typescript-eslint/no-unused-vars
2280:52  Warning: 'ExtArgs' is defined but never used.  @typescript-eslint/no-unused-vars
2374:33  Warning: 'ExtArgs' is defined but never used.  @typescript-eslint/no-unused-vars
2434:31  Warning: 'ExtArgs' is defined but never used.  @typescript-eslint/no-unused-vars
2534:46  Warning: 'ExtArgs' is defined but never used.  @typescript-eslint/no-unused-vars
2534:116  Error: The `{}` ("empty object") type allows any non-nullish value, including literals like `0` and `""`.
- If that's what you want, disable this lint rule with an inline comment or configure the 'allowObjectTypes' rule option.
- If you want a type meaning "any object", you probably want `object` instead.
- If you want a type meaning "any value", you probably want `unknown` instead.  @typescript-eslint/no-empty-object-type
2535:46  Warning: 'ExtArgs' is defined but never used.  @typescript-eslint/no-unused-vars
2535:116  Error: The `{}` ("empty object") type allows any non-nullish value, including literals like `0` and `""`.
- If that's what you want, disable this lint rule with an inline comment or configure the 'allowObjectTypes' rule option.
- If you want a type meaning "any object", you probably want `object` instead.
- If you want a type meaning "any value", you probably want `unknown` instead.  @typescript-eslint/no-empty-object-type
2555:17  Error: The `{}` ("empty object") type allows any non-nullish value, including literals like `0` and `""`.
- If that's what you want, disable this lint rule with an inline comment or configure the 'allowObjectTypes' rule option.
- If you want a type meaning "any object", you probably want `object` instead.
- If you want a type meaning "any value", you probably want `unknown` instead.  @typescript-eslint/no-empty-object-type
2560:22  Warning: 'ExtArgs' is defined but never used.  @typescript-eslint/no-unused-vars
2565:121  Error: The `{}` ("empty object") type allows any non-nullish value, including literals like `0` and `""`.
- If that's what you want, disable this lint rule with an inline comment or configure the 'allowObjectTypes' rule option.
- If you want a type meaning "any object", you probably want `object` instead.
- If you want a type meaning "any value", you probably want `unknown` instead.  @typescript-eslint/no-empty-object-type
2825:41  Error: Unexpected any. Specify a different type.  @typescript-eslint/no-explicit-any
2909:13  Error: The `{}` ("empty object") type allows any non-nullish value, including literals like `0` and `""`.
- If that's what you want, disable this lint rule with an inline comment or configure the 'allowObjectTypes' rule option.
- If you want a type meaning "any object", you probably want `object` instead.
- If you want a type meaning "any value", you probably want `unknown` instead.  @typescript-eslint/no-empty-object-type
2919:13  Error: The `{}` ("empty object") type allows any non-nullish value, including literals like `0` and `""`.
- If that's what you want, disable this lint rule with an inline comment or configure the 'allowObjectTypes' rule option.
- If you want a type meaning "any object", you probably want `object` instead.
- If you want a type meaning "any value", you probably want `unknown` instead.  @typescript-eslint/no-empty-object-type
2927:9  Error: The `{}` ("empty object") type allows any non-nullish value, including literals like `0` and `""`.
- If that's what you want, disable this lint rule with an inline comment or configure the 'allowObjectTypes' rule option.
- If you want a type meaning "any object", you probably want `object` instead.
- If you want a type meaning "any value", you probably want `unknown` instead.  @typescript-eslint/no-empty-object-type
2933:80  Error: The `{}` ("empty object") type allows any non-nullish value, including literals like `0` and `""`.
- If that's what you want, disable this lint rule with an inline comment or configure the 'allowObjectTypes' rule option.
- If you want a type meaning "any object", you probably want `object` instead.
- If you want a type meaning "any value", you probably want `unknown` instead.  @typescript-eslint/no-empty-object-type
2946:144  Error: The `{}` ("empty object") type allows any non-nullish value, including literals like `0` and `""`.
- If that's what you want, disable this lint rule with an inline comment or configure the 'allowObjectTypes' rule option.
- If you want a type meaning "any object", you probably want `object` instead.
- If you want a type meaning "any value", you probably want `unknown` instead.  @typescript-eslint/no-empty-object-type
2948:53  Error: The `{}` ("empty object") type allows any non-nullish value, including literals like `0` and `""`.
- If that's what you want, disable this lint rule with an inline comment or configure the 'allowObjectTypes' rule option.
- If you want a type meaning "any object", you probably want `object` instead.
- If you want a type meaning "any value", you probably want `unknown` instead.  @typescript-eslint/no-empty-object-type
2949:53  Error: The `{}` ("empty object") type allows any non-nullish value, including literals like `0` and `""`.
- If that's what you want, disable this lint rule with an inline comment or configure the 'allowObjectTypes' rule option.
- If you want a type meaning "any object", you probably want `object` instead.
- If you want a type meaning "any value", you probably want `unknown` instead.  @typescript-eslint/no-empty-object-type
2950:57  Error: The `{}` ("empty object") type allows any non-nullish value, including literals like `0` and `""`.
- If that's what you want, disable this lint rule with an inline comment or configure the 'allowObjectTypes' rule option.
- If you want a type meaning "any object", you probably want `object` instead.
- If you want a type meaning "any value", you probably want `unknown` instead.  @typescript-eslint/no-empty-object-type
2957:148  Error: Unexpected any. Specify a different type.  @typescript-eslint/no-explicit-any
2963:51  Error: Unexpected any. Specify a different type.  @typescript-eslint/no-explicit-any
3213:34  Warning: 'ExtArgs' is defined but never used.  @typescript-eslint/no-unused-vars
3269:34  Warning: 'ExtArgs' is defined but never used.  @typescript-eslint/no-unused-vars
3365:34  Warning: 'ExtArgs' is defined but never used.  @typescript-eslint/no-unused-vars
3588:36  Warning: 'ExtArgs' is defined but never used.  @typescript-eslint/no-unused-vars
3660:34  Warning: 'ExtArgs' is defined but never used.  @typescript-eslint/no-unused-vars
3801:17  Error: The `{}` ("empty object") type allows any non-nullish value, including literals like `0` and `""`.
- If that's what you want, disable this lint rule with an inline comment or configure the 'allowObjectTypes' rule option.
- If you want a type meaning "any object", you probably want `object` instead.
- If you want a type meaning "any value", you probably want `unknown` instead.  @typescript-eslint/no-empty-object-type
3806:25  Warning: 'ExtArgs' is defined but never used.  @typescript-eslint/no-unused-vars
3811:124  Error: The `{}` ("empty object") type allows any non-nullish value, including literals like `0` and `""`.
- If that's what you want, disable this lint rule with an inline comment or configure the 'allowObjectTypes' rule option.
- If you want a type meaning "any object", you probably want `object` instead.
- If you want a type meaning "any value", you probably want `unknown` instead.  @typescript-eslint/no-empty-object-type
4071:41  Error: Unexpected any. Specify a different type.  @typescript-eslint/no-explicit-any
4155:13  Error: The `{}` ("empty object") type allows any non-nullish value, including literals like `0` and `""`.
- If that's what you want, disable this lint rule with an inline comment or configure the 'allowObjectTypes' rule option.
- If you want a type meaning "any object", you probably want `object` instead.
- If you want a type meaning "any value", you probably want `unknown` instead.  @typescript-eslint/no-empty-object-type
4165:13  Error: The `{}` ("empty object") type allows any non-nullish value, including literals like `0` and `""`.
- If that's what you want, disable this lint rule with an inline comment or configure the 'allowObjectTypes' rule option.
- If you want a type meaning "any object", you probably want `object` instead.
- If you want a type meaning "any value", you probably want `unknown` instead.  @typescript-eslint/no-empty-object-type
4173:9  Error: The `{}` ("empty object") type allows any non-nullish value, including literals like `0` and `""`.
- If that's what you want, disable this lint rule with an inline comment or configure the 'allowObjectTypes' rule option.
- If you want a type meaning "any object", you probably want `object` instead.
- If you want a type meaning "any value", you probably want `unknown` instead.  @typescript-eslint/no-empty-object-type
4179:83  Error: The `{}` ("empty object") type allows any non-nullish value, including literals like `0` and `""`.
- If that's what you want, disable this lint rule with an inline comment or configure the 'allowObjectTypes' rule option.
- If you want a type meaning "any object", you probably want `object` instead.
- If you want a type meaning "any value", you probably want `unknown` instead.  @typescript-eslint/no-empty-object-type
4192:147  Error: The `{}` ("empty object") type allows any non-nullish value, including literals like `0` and `""`.
- If that's what you want, disable this lint rule with an inline comment or configure the 'allowObjectTypes' rule option.
- If you want a type meaning "any object", you probably want `object` instead.
- If you want a type meaning "any value", you probably want `unknown` instead.  @typescript-eslint/no-empty-object-type
4194:47  Error: The `{}` ("empty object") type allows any non-nullish value, including literals like `0` and `""`.
- If that's what you want, disable this lint rule with an inline comment or configure the 'allowObjectTypes' rule option.
- If you want a type meaning "any object", you probably want `object` instead.
- If you want a type meaning "any value", you probably want `unknown` instead.  @typescript-eslint/no-empty-object-type
4201:148  Error: Unexpected any. Specify a different type.  @typescript-eslint/no-explicit-any
4207:51  Error: Unexpected any. Specify a different type.  @typescript-eslint/no-explicit-any
4460:37  Warning: 'ExtArgs' is defined but never used.  @typescript-eslint/no-unused-vars
4520:37  Warning: 'ExtArgs' is defined but never used.  @typescript-eslint/no-unused-vars
4620:37  Warning: 'ExtArgs' is defined but never used.  @typescript-eslint/no-unused-vars
4749:36  Warning: 'ExtArgs' is defined but never used.  @typescript-eslint/no-unused-vars
4821:34  Warning: 'ExtArgs' is defined but never used.  @typescript-eslint/no-unused-vars
4923:49  Warning: 'ExtArgs' is defined but never used.  @typescript-eslint/no-unused-vars
4923:119  Error: The `{}` ("empty object") type allows any non-nullish value, including literals like `0` and `""`.
- If that's what you want, disable this lint rule with an inline comment or configure the 'allowObjectTypes' rule option.
- If you want a type meaning "any object", you probably want `object` instead.
- If you want a type meaning "any value", you probably want `unknown` instead.  @typescript-eslint/no-empty-object-type
4924:49  Warning: 'ExtArgs' is defined but never used.  @typescript-eslint/no-unused-vars
4924:119  Error: The `{}` ("empty object") type allows any non-nullish value, including literals like `0` and `""`.
- If that's what you want, disable this lint rule with an inline comment or configure the 'allowObjectTypes' rule option.
- If you want a type meaning "any object", you probably want `object` instead.
- If you want a type meaning "any value", you probably want `unknown` instead.  @typescript-eslint/no-empty-object-type
4943:17  Error: The `{}` ("empty object") type allows any non-nullish value, including literals like `0` and `""`.
- If that's what you want, disable this lint rule with an inline comment or configure the 'allowObjectTypes' rule option.
- If you want a type meaning "any object", you probably want `object` instead.
- If you want a type meaning "any value", you probably want `unknown` instead.  @typescript-eslint/no-empty-object-type
4948:25  Warning: 'ExtArgs' is defined but never used.  @typescript-eslint/no-unused-vars
4953:124  Error: The `{}` ("empty object") type allows any non-nullish value, including literals like `0` and `""`.
- If that's what you want, disable this lint rule with an inline comment or configure the 'allowObjectTypes' rule option.
- If you want a type meaning "any object", you probably want `object` instead.
- If you want a type meaning "any value", you probably want `unknown` instead.  @typescript-eslint/no-empty-object-type
5213:41  Error: Unexpected any. Specify a different type.  @typescript-eslint/no-explicit-any
5297:13  Error: The `{}` ("empty object") type allows any non-nullish value, including literals like `0` and `""`.
- If that's what you want, disable this lint rule with an inline comment or configure the 'allowObjectTypes' rule option.
- If you want a type meaning "any object", you probably want `object` instead.
- If you want a type meaning "any value", you probably want `unknown` instead.  @typescript-eslint/no-empty-object-type
5307:13  Error: The `{}` ("empty object") type allows any non-nullish value, including literals like `0` and `""`.
- If that's what you want, disable this lint rule with an inline comment or configure the 'allowObjectTypes' rule option.
- If you want a type meaning "any object", you probably want `object` instead.
- If you want a type meaning "any value", you probably want `unknown` instead.  @typescript-eslint/no-empty-object-type
5315:9  Error: The `{}` ("empty object") type allows any non-nullish value, including literals like `0` and `""`.
- If that's what you want, disable this lint rule with an inline comment or configure the 'allowObjectTypes' rule option.
- If you want a type meaning "any object", you probably want `object` instead.
- If you want a type meaning "any value", you probably want `unknown` instead.  @typescript-eslint/no-empty-object-type
5321:83  Error: The `{}` ("empty object") type allows any non-nullish value, including literals like `0` and `""`.
- If that's what you want, disable this lint rule with an inline comment or configure the 'allowObjectTypes' rule option.
- If you want a type meaning "any object", you probably want `object` instead.
- If you want a type meaning "any value", you probably want `unknown` instead.  @typescript-eslint/no-empty-object-type
5334:147  Error: The `{}` ("empty object") type allows any non-nullish value, including literals like `0` and `""`.
- If that's what you want, disable this lint rule with an inline comment or configure the 'allowObjectTypes' rule option.
- If you want a type meaning "any object", you probably want `object` instead.
- If you want a type meaning "any value", you probably want `unknown` instead.  @typescript-eslint/no-empty-object-type
5336:66  Error: The `{}` ("empty object") type allows any non-nullish value, including literals like `0` and `""`.
- If that's what you want, disable this lint rule with an inline comment or configure the 'allowObjectTypes' rule option.
- If you want a type meaning "any object", you probably want `object` instead.
- If you want a type meaning "any value", you probably want `unknown` instead.  @typescript-eslint/no-empty-object-type
5337:64  Error: The `{}` ("empty object") type allows any non-nullish value, including literals like `0` and `""`.
- If that's what you want, disable this lint rule with an inline comment or configure the 'allowObjectTypes' rule option.
- If you want a type meaning "any object", you probably want `object` instead.
- If you want a type meaning "any value", you probably want `unknown` instead.  @typescript-eslint/no-empty-object-type
5344:148  Error: Unexpected any. Specify a different type.  @typescript-eslint/no-explicit-any
5350:51  Error: Unexpected any. Specify a different type.  @typescript-eslint/no-explicit-any
5600:37  Warning: 'ExtArgs' is defined but never used.  @typescript-eslint/no-unused-vars
5656:37  Warning: 'ExtArgs' is defined but never used.  @typescript-eslint/no-unused-vars
5752:37  Warning: 'ExtArgs' is defined but never used.  @typescript-eslint/no-unused-vars
5941:41  Warning: 'ExtArgs' is defined but never used.  @typescript-eslint/no-unused-vars
6013:39  Warning: 'ExtArgs' is defined but never used.  @typescript-eslint/no-unused-vars
6148:17  Error: The `{}` ("empty object") type allows any non-nullish value, including literals like `0` and `""`.
- If that's what you want, disable this lint rule with an inline comment or configure the 'allowObjectTypes' rule option.
- If you want a type meaning "any object", you probably want `object` instead.
- If you want a type meaning "any value", you probably want `unknown` instead.  @typescript-eslint/no-empty-object-type
6153:30  Warning: 'ExtArgs' is defined but never used.  @typescript-eslint/no-unused-vars
6158:129  Error: The `{}` ("empty object") type allows any non-nullish value, including literals like `0` and `""`.
- If that's what you want, disable this lint rule with an inline comment or configure the 'allowObjectTypes' rule option.
- If you want a type meaning "any object", you probably want `object` instead.
- If you want a type meaning "any value", you probably want `unknown` instead.  @typescript-eslint/no-empty-object-type
6418:41  Error: Unexpected any. Specify a different type.  @typescript-eslint/no-explicit-any
6502:13  Error: The `{}` ("empty object") type allows any non-nullish value, including literals like `0` and `""`.
- If that's what you want, disable this lint rule with an inline comment or configure the 'allowObjectTypes' rule option.
- If you want a type meaning "any object", you probably want `object` instead.
- If you want a type meaning "any value", you probably want `unknown` instead.  @typescript-eslint/no-empty-object-type
6512:13  Error: The `{}` ("empty object") type allows any non-nullish value, including literals like `0` and `""`.
- If that's what you want, disable this lint rule with an inline comment or configure the 'allowObjectTypes' rule option.
- If you want a type meaning "any object", you probably want `object` instead.
- If you want a type meaning "any value", you probably want `unknown` instead.  @typescript-eslint/no-empty-object-type
6520:9  Error: The `{}` ("empty object") type allows any non-nullish value, including literals like `0` and `""`.
- If that's what you want, disable this lint rule with an inline comment or configure the 'allowObjectTypes' rule option.
- If you want a type meaning "any object", you probably want `object` instead.
- If you want a type meaning "any value", you probably want `unknown` instead.  @typescript-eslint/no-empty-object-type
6526:88  Error: The `{}` ("empty object") type allows any non-nullish value, including literals like `0` and `""`.
- If that's what you want, disable this lint rule with an inline comment or configure the 'allowObjectTypes' rule option.
- If you want a type meaning "any object", you probably want `object` instead.
- If you want a type meaning "any value", you probably want `unknown` instead.  @typescript-eslint/no-empty-object-type
6539:152  Error: The `{}` ("empty object") type allows any non-nullish value, including literals like `0` and `""`.
- If that's what you want, disable this lint rule with an inline comment or configure the 'allowObjectTypes' rule option.
- If you want a type meaning "any object", you probably want `object` instead.
- If you want a type meaning "any value", you probably want `unknown` instead.  @typescript-eslint/no-empty-object-type
6541:53  Error: The `{}` ("empty object") type allows any non-nullish value, including literals like `0` and `""`.
- If that's what you want, disable this lint rule with an inline comment or configure the 'allowObjectTypes' rule option.
- If you want a type meaning "any object", you probably want `object` instead.
- If you want a type meaning "any value", you probably want `unknown` instead.  @typescript-eslint/no-empty-object-type
6548:148  Error: Unexpected any. Specify a different type.  @typescript-eslint/no-explicit-any
6554:51  Error: Unexpected any. Specify a different type.  @typescript-eslint/no-explicit-any
6806:42  Warning: 'ExtArgs' is defined but never used.  @typescript-eslint/no-unused-vars
6866:42  Warning: 'ExtArgs' is defined but never used.  @typescript-eslint/no-unused-vars
6966:42  Warning: 'ExtArgs' is defined but never used.  @typescript-eslint/no-unused-vars
7063:41  Warning: 'ExtArgs' is defined but never used.  @typescript-eslint/no-unused-vars
7123:39  Warning: 'ExtArgs' is defined but never used.  @typescript-eslint/no-unused-vars
7201:14  Error: The `{}` ("empty object") type allows any non-nullish value, including literals like `0` and `""`.
- If that's what you want, disable this lint rule with an inline comment or configure the 'allowObjectTypes' rule option.
- If you want a type meaning "any object", you probably want `object` instead.
- If you want a type meaning "any value", you probably want `unknown` instead.  @typescript-eslint/no-empty-object-type
7210:17  Error: The `{}` ("empty object") type allows any non-nullish value, including literals like `0` and `""`.
- If that's what you want, disable this lint rule with an inline comment or configure the 'allowObjectTypes' rule option.
- If you want a type meaning "any object", you probably want `object` instead.
- If you want a type meaning "any value", you probably want `unknown` instead.  @typescript-eslint/no-empty-object-type
7215:30  Warning: 'ExtArgs' is defined but never used.  @typescript-eslint/no-unused-vars
7220:129  Error: The `{}` ("empty object") type allows any non-nullish value, including literals like `0` and `""`.
- If that's what you want, disable this lint rule with an inline comment or configure the 'allowObjectTypes' rule option.
- If you want a type meaning "any object", you probably want `object` instead.
- If you want a type meaning "any value", you probably want `unknown` instead.  @typescript-eslint/no-empty-object-type
7480:41  Error: Unexpected any. Specify a different type.  @typescript-eslint/no-explicit-any
7564:13  Error: The `{}` ("empty object") type allows any non-nullish value, including literals like `0` and `""`.
- If that's what you want, disable this lint rule with an inline comment or configure the 'allowObjectTypes' rule option.
- If you want a type meaning "any object", you probably want `object` instead.
- If you want a type meaning "any value", you probably want `unknown` instead.  @typescript-eslint/no-empty-object-type
7574:13  Error: The `{}` ("empty object") type allows any non-nullish value, including literals like `0` and `""`.
- If that's what you want, disable this lint rule with an inline comment or configure the 'allowObjectTypes' rule option.
- If you want a type meaning "any object", you probably want `object` instead.
- If you want a type meaning "any value", you probably want `unknown` instead.  @typescript-eslint/no-empty-object-type
7582:9  Error: The `{}` ("empty object") type allows any non-nullish value, including literals like `0` and `""`.
- If that's what you want, disable this lint rule with an inline comment or configure the 'allowObjectTypes' rule option.
- If you want a type meaning "any object", you probably want `object` instead.
- If you want a type meaning "any value", you probably want `unknown` instead.  @typescript-eslint/no-empty-object-type
7588:88  Error: The `{}` ("empty object") type allows any non-nullish value, including literals like `0` and `""`.
- If that's what you want, disable this lint rule with an inline comment or configure the 'allowObjectTypes' rule option.
- If you want a type meaning "any object", you probably want `object` instead.
- If you want a type meaning "any value", you probably want `unknown` instead.  @typescript-eslint/no-empty-object-type
7601:50  Warning: 'Null' is defined but never used.  @typescript-eslint/no-unused-vars
7601:64  Warning: 'ExtArgs' is defined but never used.  @typescript-eslint/no-unused-vars
7601:132  Warning: 'GlobalOmitOptions' is defined but never used.  @typescript-eslint/no-unused-vars
7601:152  Error: The `{}` ("empty object") type allows any non-nullish value, including literals like `0` and `""`.
- If that's what you want, disable this lint rule with an inline comment or configure the 'allowObjectTypes' rule option.
- If you want a type meaning "any object", you probably want `object` instead.
- If you want a type meaning "any value", you probably want `unknown` instead.  @typescript-eslint/no-empty-object-type
7609:148  Error: Unexpected any. Specify a different type.  @typescript-eslint/no-explicit-any
7615:51  Error: Unexpected any. Specify a different type.  @typescript-eslint/no-explicit-any
7838:42  Warning: 'ExtArgs' is defined but never used.  @typescript-eslint/no-unused-vars
7890:42  Warning: 'ExtArgs' is defined but never used.  @typescript-eslint/no-unused-vars
7978:42  Warning: 'ExtArgs' is defined but never used.  @typescript-eslint/no-unused-vars
8095:37  Warning: 'ExtArgs' is defined but never used.  @typescript-eslint/no-unused-vars
8167:35  Warning: 'ExtArgs' is defined but never used.  @typescript-eslint/no-unused-vars
8254:14  Error: The `{}` ("empty object") type allows any non-nullish value, including literals like `0` and `""`.
- If that's what you want, disable this lint rule with an inline comment or configure the 'allowObjectTypes' rule option.
- If you want a type meaning "any object", you probably want `object` instead.
- If you want a type meaning "any value", you probably want `unknown` instead.  @typescript-eslint/no-empty-object-type
8264:17  Error: The `{}` ("empty object") type allows any non-nullish value, including literals like `0` and `""`.
- If that's what you want, disable this lint rule with an inline comment or configure the 'allowObjectTypes' rule option.
- If you want a type meaning "any object", you probably want `object` instead.
- If you want a type meaning "any value", you probably want `unknown` instead.  @typescript-eslint/no-empty-object-type
8269:26  Warning: 'ExtArgs' is defined but never used.  @typescript-eslint/no-unused-vars
8274:125  Error: The `{}` ("empty object") type allows any non-nullish value, including literals like `0` and `""`.
- If that's what you want, disable this lint rule with an inline comment or configure the 'allowObjectTypes' rule option.
- If you want a type meaning "any object", you probably want `object` instead.
- If you want a type meaning "any value", you probably want `unknown` instead.  @typescript-eslint/no-empty-object-type
8534:41  Error: Unexpected any. Specify a different type.  @typescript-eslint/no-explicit-any
8618:13  Error: The `{}` ("empty object") type allows any non-nullish value, including literals like `0` and `""`.
- If that's what you want, disable this lint rule with an inline comment or configure the 'allowObjectTypes' rule option.
- If you want a type meaning "any object", you probably want `object` instead.
- If you want a type meaning "any value", you probably want `unknown` instead.  @typescript-eslint/no-empty-object-type
8628:13  Error: The `{}` ("empty object") type allows any non-nullish value, including literals like `0` and `""`.
- If that's what you want, disable this lint rule with an inline comment or configure the 'allowObjectTypes' rule option.
- If you want a type meaning "any object", you probably want `object` instead.
- If you want a type meaning "any value", you probably want `unknown` instead.  @typescript-eslint/no-empty-object-type
8636:9  Error: The `{}` ("empty object") type allows any non-nullish value, including literals like `0` and `""`.
- If that's what you want, disable this lint rule with an inline comment or configure the 'allowObjectTypes' rule option.
- If you want a type meaning "any object", you probably want `object` instead.
- If you want a type meaning "any value", you probably want `unknown` instead.  @typescript-eslint/no-empty-object-type
8642:84  Error: The `{}` ("empty object") type allows any non-nullish value, including literals like `0` and `""`.
- If that's what you want, disable this lint rule with an inline comment or configure the 'allowObjectTypes' rule option.
- If you want a type meaning "any object", you probably want `object` instead.
- If you want a type meaning "any value", you probably want `unknown` instead.  @typescript-eslint/no-empty-object-type
8655:46  Warning: 'Null' is defined but never used.  @typescript-eslint/no-unused-vars
8655:60  Warning: 'ExtArgs' is defined but never used.  @typescript-eslint/no-unused-vars
8655:128  Warning: 'GlobalOmitOptions' is defined but never used.  @typescript-eslint/no-unused-vars
8655:148  Error: The `{}` ("empty object") type allows any non-nullish value, including literals like `0` and `""`.
- If that's what you want, disable this lint rule with an inline comment or configure the 'allowObjectTypes' rule option.
- If you want a type meaning "any object", you probably want `object` instead.
- If you want a type meaning "any value", you probably want `unknown` instead.  @typescript-eslint/no-empty-object-type
8663:148  Error: Unexpected any. Specify a different type.  @typescript-eslint/no-explicit-any
8669:51  Error: Unexpected any. Specify a different type.  @typescript-eslint/no-explicit-any
8893:38  Warning: 'ExtArgs' is defined but never used.  @typescript-eslint/no-unused-vars
8945:38  Warning: 'ExtArgs' is defined but never used.  @typescript-eslint/no-unused-vars
9033:38  Warning: 'ExtArgs' is defined but never used.  @typescript-eslint/no-unused-vars
9120:39  Warning: 'ExtArgs' is defined but never used.  @typescript-eslint/no-unused-vars
9180:37  Warning: 'ExtArgs' is defined but never used.  @typescript-eslint/no-unused-vars
9253:14  Error: The `{}` ("empty object") type allows any non-nullish value, including literals like `0` and `""`.
- If that's what you want, disable this lint rule with an inline comment or configure the 'allowObjectTypes' rule option.
- If you want a type meaning "any object", you probably want `object` instead.
- If you want a type meaning "any value", you probably want `unknown` instead.  @typescript-eslint/no-empty-object-type
9261:17  Error: The `{}` ("empty object") type allows any non-nullish value, including literals like `0` and `""`.
- If that's what you want, disable this lint rule with an inline comment or configure the 'allowObjectTypes' rule option.
- If you want a type meaning "any object", you probably want `object` instead.
- If you want a type meaning "any value", you probably want `unknown` instead.  @typescript-eslint/no-empty-object-type
9266:28  Warning: 'ExtArgs' is defined but never used.  @typescript-eslint/no-unused-vars
9271:127  Error: The `{}` ("empty object") type allows any non-nullish value, including literals like `0` and `""`.
- If that's what you want, disable this lint rule with an inline comment or configure the 'allowObjectTypes' rule option.
- If you want a type meaning "any object", you probably want `object` instead.
- If you want a type meaning "any value", you probably want `unknown` instead.  @typescript-eslint/no-empty-object-type
9531:41  Error: Unexpected any. Specify a different type.  @typescript-eslint/no-explicit-any
9615:13  Error: The `{}` ("empty object") type allows any non-nullish value, including literals like `0` and `""`.
- If that's what you want, disable this lint rule with an inline comment or configure the 'allowObjectTypes' rule option.
- If you want a type meaning "any object", you probably want `object` instead.
- If you want a type meaning "any value", you probably want `unknown` instead.  @typescript-eslint/no-empty-object-type
9625:13  Error: The `{}` ("empty object") type allows any non-nullish value, including literals like `0` and `""`.
- If that's what you want, disable this lint rule with an inline comment or configure the 'allowObjectTypes' rule option.
- If you want a type meaning "any object", you probably want `object` instead.
- If you want a type meaning "any value", you probably want `unknown` instead.  @typescript-eslint/no-empty-object-type
9633:9  Error: The `{}` ("empty object") type allows any non-nullish value, including literals like `0` and `""`.
- If that's what you want, disable this lint rule with an inline comment or configure the 'allowObjectTypes' rule option.
- If you want a type meaning "any object", you probably want `object` instead.
- If you want a type meaning "any value", you probably want `unknown` instead.  @typescript-eslint/no-empty-object-type
9639:86  Error: The `{}` ("empty object") type allows any non-nullish value, including literals like `0` and `""`.
- If that's what you want, disable this lint rule with an inline comment or configure the 'allowObjectTypes' rule option.
- If you want a type meaning "any object", you probably want `object` instead.
- If you want a type meaning "any value", you probably want `unknown` instead.  @typescript-eslint/no-empty-object-type
9652:48  Warning: 'Null' is defined but never used.  @typescript-eslint/no-unused-vars
9652:62  Warning: 'ExtArgs' is defined but never used.  @typescript-eslint/no-unused-vars
9652:130  Warning: 'GlobalOmitOptions' is defined but never used.  @typescript-eslint/no-unused-vars
9652:150  Error: The `{}` ("empty object") type allows any non-nullish value, including literals like `0` and `""`.
- If that's what you want, disable this lint rule with an inline comment or configure the 'allowObjectTypes' rule option.
- If you want a type meaning "any object", you probably want `object` instead.
- If you want a type meaning "any value", you probably want `unknown` instead.  @typescript-eslint/no-empty-object-type
9660:148  Error: Unexpected any. Specify a different type.  @typescript-eslint/no-explicit-any
9666:51  Error: Unexpected any. Specify a different type.  @typescript-eslint/no-explicit-any
9888:40  Warning: 'ExtArgs' is defined but never used.  @typescript-eslint/no-unused-vars
9940:40  Warning: 'ExtArgs' is defined but never used.  @typescript-eslint/no-unused-vars
10028:40  Warning: 'ExtArgs' is defined but never used.  @typescript-eslint/no-unused-vars
10135:40  Warning: 'ExtArgs' is defined but never used.  @typescript-eslint/no-unused-vars
10195:38  Warning: 'ExtArgs' is defined but never used.  @typescript-eslint/no-unused-vars
10328:17  Error: The `{}` ("empty object") type allows any non-nullish value, including literals like `0` and `""`.
- If that's what you want, disable this lint rule with an inline comment or configure the 'allowObjectTypes' rule option.
- If you want a type meaning "any object", you probably want `object` instead.
- If you want a type meaning "any value", you probably want `unknown` instead.  @typescript-eslint/no-empty-object-type
10333:29  Warning: 'ExtArgs' is defined but never used.  @typescript-eslint/no-unused-vars
10338:128  Error: The `{}` ("empty object") type allows any non-nullish value, including literals like `0` and `""`.
- If that's what you want, disable this lint rule with an inline comment or configure the 'allowObjectTypes' rule option.
- If you want a type meaning "any object", you probably want `object` instead.
- If you want a type meaning "any value", you probably want `unknown` instead.  @typescript-eslint/no-empty-object-type
10598:41  Error: Unexpected any. Specify a different type.  @typescript-eslint/no-explicit-any
10682:13  Error: The `{}` ("empty object") type allows any non-nullish value, including literals like `0` and `""`.
- If that's what you want, disable this lint rule with an inline comment or configure the 'allowObjectTypes' rule option.
- If you want a type meaning "any object", you probably want `object` instead.
- If you want a type meaning "any value", you probably want `unknown` instead.  @typescript-eslint/no-empty-object-type
10692:13  Error: The `{}` ("empty object") type allows any non-nullish value, including literals like `0` and `""`.
- If that's what you want, disable this lint rule with an inline comment or configure the 'allowObjectTypes' rule option.
- If you want a type meaning "any object", you probably want `object` instead.
- If you want a type meaning "any value", you probably want `unknown` instead.  @typescript-eslint/no-empty-object-type
10700:9  Error: The `{}` ("empty object") type allows any non-nullish value, including literals like `0` and `""`.
- If that's what you want, disable this lint rule with an inline comment or configure the 'allowObjectTypes' rule option.
- If you want a type meaning "any object", you probably want `object` instead.
- If you want a type meaning "any value", you probably want `unknown` instead.  @typescript-eslint/no-empty-object-type
10706:87  Error: The `{}` ("empty object") type allows any non-nullish value, including literals like `0` and `""`.
- If that's what you want, disable this lint rule with an inline comment or configure the 'allowObjectTypes' rule option.
- If you want a type meaning "any object", you probably want `object` instead.
- If you want a type meaning "any value", you probably want `unknown` instead.  @typescript-eslint/no-empty-object-type
10719:49  Warning: 'Null' is defined but never used.  @typescript-eslint/no-unused-vars
10719:151  Error: The `{}` ("empty object") type allows any non-nullish value, including literals like `0` and `""`.
- If that's what you want, disable this lint rule with an inline comment or configure the 'allowObjectTypes' rule option.
- If you want a type meaning "any object", you probably want `object` instead.
- If you want a type meaning "any value", you probably want `unknown` instead.  @typescript-eslint/no-empty-object-type
10721:52  Error: The `{}` ("empty object") type allows any non-nullish value, including literals like `0` and `""`.
- If that's what you want, disable this lint rule with an inline comment or configure the 'allowObjectTypes' rule option.
- If you want a type meaning "any object", you probably want `object` instead.
- If you want a type meaning "any value", you probably want `unknown` instead.  @typescript-eslint/no-empty-object-type
10722:56  Error: The `{}` ("empty object") type allows any non-nullish value, including literals like `0` and `""`.
- If that's what you want, disable this lint rule with an inline comment or configure the 'allowObjectTypes' rule option.
- If you want a type meaning "any object", you probably want `object` instead.
- If you want a type meaning "any value", you probably want `unknown` instead.  @typescript-eslint/no-empty-object-type
10723:56  Error: The `{}` ("empty object") type allows any non-nullish value, including literals like `0` and `""`.
- If that's what you want, disable this lint rule with an inline comment or configure the 'allowObjectTypes' rule option.
- If you want a type meaning "any object", you probably want `object` instead.
- If you want a type meaning "any value", you probably want `unknown` instead.  @typescript-eslint/no-empty-object-type
10730:148  Error: Unexpected any. Specify a different type.  @typescript-eslint/no-explicit-any
10736:51  Error: Unexpected any. Specify a different type.  @typescript-eslint/no-explicit-any
10986:41  Warning: 'ExtArgs' is defined but never used.  @typescript-eslint/no-unused-vars
11046:41  Warning: 'ExtArgs' is defined but never used.  @typescript-eslint/no-unused-vars
11146:41  Warning: 'ExtArgs' is defined but never used.  @typescript-eslint/no-unused-vars
11288:36  Warning: 'ExtArgs' is defined but never used.  @typescript-eslint/no-unused-vars
11348:34  Warning: 'ExtArgs' is defined but never used.  @typescript-eslint/no-unused-vars
11437:17  Error: The `{}` ("empty object") type allows any non-nullish value, including literals like `0` and `""`.
- If that's what you want, disable this lint rule with an inline comment or configure the 'allowObjectTypes' rule option.
- If you want a type meaning "any object", you probably want `object` instead.
- If you want a type meaning "any value", you probably want `unknown` instead.  @typescript-eslint/no-empty-object-type
11442:25  Warning: 'ExtArgs' is defined but never used.  @typescript-eslint/no-unused-vars
11447:124  Error: The `{}` ("empty object") type allows any non-nullish value, including literals like `0` and `""`.
- If that's what you want, disable this lint rule with an inline comment or configure the 'allowObjectTypes' rule option.
- If you want a type meaning "any object", you probably want `object` instead.
- If you want a type meaning "any value", you probably want `unknown` instead.  @typescript-eslint/no-empty-object-type
11707:41  Error: Unexpected any. Specify a different type.  @typescript-eslint/no-explicit-any
11791:13  Error: The `{}` ("empty object") type allows any non-nullish value, including literals like `0` and `""`.
- If that's what you want, disable this lint rule with an inline comment or configure the 'allowObjectTypes' rule option.
- If you want a type meaning "any object", you probably want `object` instead.
- If you want a type meaning "any value", you probably want `unknown` instead.  @typescript-eslint/no-empty-object-type
11801:13  Error: The `{}` ("empty object") type allows any non-nullish value, including literals like `0` and `""`.
- If that's what you want, disable this lint rule with an inline comment or configure the 'allowObjectTypes' rule option.
- If you want a type meaning "any object", you probably want `object` instead.
- If you want a type meaning "any value", you probably want `unknown` instead.  @typescript-eslint/no-empty-object-type
11809:9  Error: The `{}` ("empty object") type allows any non-nullish value, including literals like `0` and `""`.
- If that's what you want, disable this lint rule with an inline comment or configure the 'allowObjectTypes' rule option.
- If you want a type meaning "any object", you probably want `object` instead.
- If you want a type meaning "any value", you probably want `unknown` instead.  @typescript-eslint/no-empty-object-type
11815:83  Error: The `{}` ("empty object") type allows any non-nullish value, including literals like `0` and `""`.
- If that's what you want, disable this lint rule with an inline comment or configure the 'allowObjectTypes' rule option.
- If you want a type meaning "any object", you probably want `object` instead.
- If you want a type meaning "any value", you probably want `unknown` instead.  @typescript-eslint/no-empty-object-type
11828:147  Error: The `{}` ("empty object") type allows any non-nullish value, including literals like `0` and `""`.
- If that's what you want, disable this lint rule with an inline comment or configure the 'allowObjectTypes' rule option.
- If you want a type meaning "any object", you probably want `object` instead.
- If you want a type meaning "any value", you probably want `unknown` instead.  @typescript-eslint/no-empty-object-type
11830:47  Error: The `{}` ("empty object") type allows any non-nullish value, including literals like `0` and `""`.
- If that's what you want, disable this lint rule with an inline comment or configure the 'allowObjectTypes' rule option.
- If you want a type meaning "any object", you probably want `object` instead.
- If you want a type meaning "any value", you probably want `unknown` instead.  @typescript-eslint/no-empty-object-type
11837:148  Error: Unexpected any. Specify a different type.  @typescript-eslint/no-explicit-any
11843:51  Error: Unexpected any. Specify a different type.  @typescript-eslint/no-explicit-any
12088:37  Warning: 'ExtArgs' is defined but never used.  @typescript-eslint/no-unused-vars
12148:37  Warning: 'ExtArgs' is defined but never used.  @typescript-eslint/no-unused-vars
12248:37  Warning: 'ExtArgs' is defined but never used.  @typescript-eslint/no-unused-vars
12395:35  Warning: 'ExtArgs' is defined but never used.  @typescript-eslint/no-unused-vars
12467:33  Warning: 'ExtArgs' is defined but never used.  @typescript-eslint/no-unused-vars
12584:48  Warning: 'ExtArgs' is defined but never used.  @typescript-eslint/no-unused-vars
12584:118  Error: The `{}` ("empty object") type allows any non-nullish value, including literals like `0` and `""`.
- If that's what you want, disable this lint rule with an inline comment or configure the 'allowObjectTypes' rule option.
- If you want a type meaning "any object", you probably want `object` instead.
- If you want a type meaning "any value", you probably want `unknown` instead.  @typescript-eslint/no-empty-object-type
12585:48  Warning: 'ExtArgs' is defined but never used.  @typescript-eslint/no-unused-vars
12585:118  Error: The `{}` ("empty object") type allows any non-nullish value, including literals like `0` and `""`.
- If that's what you want, disable this lint rule with an inline comment or configure the 'allowObjectTypes' rule option.
- If you want a type meaning "any object", you probably want `object` instead.
- If you want a type meaning "any value", you probably want `unknown` instead.  @typescript-eslint/no-empty-object-type
12607:17  Error: The `{}` ("empty object") type allows any non-nullish value, including literals like `0` and `""`.
- If that's what you want, disable this lint rule with an inline comment or configure the 'allowObjectTypes' rule option.
- If you want a type meaning "any object", you probably want `object` instead.
- If you want a type meaning "any value", you probably want `unknown` instead.  @typescript-eslint/no-empty-object-type
12612:24  Warning: 'ExtArgs' is defined but never used.  @typescript-eslint/no-unused-vars
12617:123  Error: The `{}` ("empty object") type allows any non-nullish value, including literals like `0` and `""`.
- If that's what you want, disable this lint rule with an inline comment or configure the 'allowObjectTypes' rule option.
- If you want a type meaning "any object", you probably want `object` instead.
- If you want a type meaning "any value", you probably want `unknown` instead.  @typescript-eslint/no-empty-object-type
12877:41  Error: Unexpected any. Specify a different type.  @typescript-eslint/no-explicit-any
12961:13  Error: The `{}` ("empty object") type allows any non-nullish value, including literals like `0` and `""`.
- If that's what you want, disable this lint rule with an inline comment or configure the 'allowObjectTypes' rule option.
- If you want a type meaning "any object", you probably want `object` instead.
- If you want a type meaning "any value", you probably want `unknown` instead.  @typescript-eslint/no-empty-object-type
12971:13  Error: The `{}` ("empty object") type allows any non-nullish value, including literals like `0` and `""`.
- If that's what you want, disable this lint rule with an inline comment or configure the 'allowObjectTypes' rule option.
- If you want a type meaning "any object", you probably want `object` instead.
- If you want a type meaning "any value", you probably want `unknown` instead.  @typescript-eslint/no-empty-object-type
12979:9  Error: The `{}` ("empty object") type allows any non-nullish value, including literals like `0` and `""`.
- If that's what you want, disable this lint rule with an inline comment or configure the 'allowObjectTypes' rule option.
- If you want a type meaning "any object", you probably want `object` instead.
- If you want a type meaning "any value", you probably want `unknown` instead.  @typescript-eslint/no-empty-object-type
12985:82  Error: The `{}` ("empty object") type allows any non-nullish value, including literals like `0` and `""`.
- If that's what you want, disable this lint rule with an inline comment or configure the 'allowObjectTypes' rule option.
- If you want a type meaning "any object", you probably want `object` instead.
- If you want a type meaning "any value", you probably want `unknown` instead.  @typescript-eslint/no-empty-object-type
12998:146  Error: The `{}` ("empty object") type allows any non-nullish value, including literals like `0` and `""`.
- If that's what you want, disable this lint rule with an inline comment or configure the 'allowObjectTypes' rule option.
- If you want a type meaning "any object", you probably want `object` instead.
- If you want a type meaning "any value", you probably want `unknown` instead.  @typescript-eslint/no-empty-object-type
13000:53  Error: The `{}` ("empty object") type allows any non-nullish value, including literals like `0` and `""`.
- If that's what you want, disable this lint rule with an inline comment or configure the 'allowObjectTypes' rule option.
- If you want a type meaning "any object", you probably want `object` instead.
- If you want a type meaning "any value", you probably want `unknown` instead.  @typescript-eslint/no-empty-object-type
13001:59  Error: The `{}` ("empty object") type allows any non-nullish value, including literals like `0` and `""`.
- If that's what you want, disable this lint rule with an inline comment or configure the 'allowObjectTypes' rule option.
- If you want a type meaning "any object", you probably want `object` instead.
- If you want a type meaning "any value", you probably want `unknown` instead.  @typescript-eslint/no-empty-object-type
13008:148  Error: Unexpected any. Specify a different type.  @typescript-eslint/no-explicit-any
13014:51  Error: Unexpected any. Specify a different type.  @typescript-eslint/no-explicit-any
13267:36  Warning: 'ExtArgs' is defined but never used.  @typescript-eslint/no-unused-vars
13323:36  Warning: 'ExtArgs' is defined but never used.  @typescript-eslint/no-unused-vars
13419:36  Warning: 'ExtArgs' is defined but never used.  @typescript-eslint/no-unused-vars
13588:41  Warning: 'ExtArgs' is defined but never used.  @typescript-eslint/no-unused-vars
13648:39  Warning: 'ExtArgs' is defined but never used.  @typescript-eslint/no-unused-vars
13778:17  Error: The `{}` ("empty object") type allows any non-nullish value, including literals like `0` and `""`.
- If that's what you want, disable this lint rule with an inline comment or configure the 'allowObjectTypes' rule option.
- If you want a type meaning "any object", you probably want `object` instead.
- If you want a type meaning "any value", you probably want `unknown` instead.  @typescript-eslint/no-empty-object-type
13783:30  Warning: 'ExtArgs' is defined but never used.  @typescript-eslint/no-unused-vars
13788:129  Error: The `{}` ("empty object") type allows any non-nullish value, including literals like `0` and `""`.
- If that's what you want, disable this lint rule with an inline comment or configure the 'allowObjectTypes' rule option.
- If you want a type meaning "any object", you probably want `object` instead.
- If you want a type meaning "any value", you probably want `unknown` instead.  @typescript-eslint/no-empty-object-type
14048:41  Error: Unexpected any. Specify a different type.  @typescript-eslint/no-explicit-any
14132:13  Error: The `{}` ("empty object") type allows any non-nullish value, including literals like `0` and `""`.
- If that's what you want, disable this lint rule with an inline comment or configure the 'allowObjectTypes' rule option.
- If you want a type meaning "any object", you probably want `object` instead.
- If you want a type meaning "any value", you probably want `unknown` instead.  @typescript-eslint/no-empty-object-type
14142:13  Error: The `{}` ("empty object") type allows any non-nullish value, including literals like `0` and `""`.
- If that's what you want, disable this lint rule with an inline comment or configure the 'allowObjectTypes' rule option.
- If you want a type meaning "any object", you probably want `object` instead.
- If you want a type meaning "any value", you probably want `unknown` instead.  @typescript-eslint/no-empty-object-type
14150:9  Error: The `{}` ("empty object") type allows any non-nullish value, including literals like `0` and `""`.
- If that's what you want, disable this lint rule with an inline comment or configure the 'allowObjectTypes' rule option.
- If you want a type meaning "any object", you probably want `object` instead.
- If you want a type meaning "any value", you probably want `unknown` instead.  @typescript-eslint/no-empty-object-type
14156:88  Error: The `{}` ("empty object") type allows any non-nullish value, including literals like `0` and `""`.
- If that's what you want, disable this lint rule with an inline comment or configure the 'allowObjectTypes' rule option.
- If you want a type meaning "any object", you probably want `object` instead.
- If you want a type meaning "any value", you probably want `unknown` instead.  @typescript-eslint/no-empty-object-type
14169:152  Error: The `{}` ("empty object") type allows any non-nullish value, including literals like `0` and `""`.
- If that's what you want, disable this lint rule with an inline comment or configure the 'allowObjectTypes' rule option.
- If you want a type meaning "any object", you probably want `object` instead.
- If you want a type meaning "any value", you probably want `unknown` instead.  @typescript-eslint/no-empty-object-type
14171:51  Error: The `{}` ("empty object") type allows any non-nullish value, including literals like `0` and `""`.
- If that's what you want, disable this lint rule with an inline comment or configure the 'allowObjectTypes' rule option.
- If you want a type meaning "any object", you probably want `object` instead.
- If you want a type meaning "any value", you probably want `unknown` instead.  @typescript-eslint/no-empty-object-type
14172:65  Error: The `{}` ("empty object") type allows any non-nullish value, including literals like `0` and `""`.
- If that's what you want, disable this lint rule with an inline comment or configure the 'allowObjectTypes' rule option.
- If you want a type meaning "any object", you probably want `object` instead.
- If you want a type meaning "any value", you probably want `unknown` instead.  @typescript-eslint/no-empty-object-type
14179:148  Error: Unexpected any. Specify a different type.  @typescript-eslint/no-explicit-any
14185:51  Error: Unexpected any. Specify a different type.  @typescript-eslint/no-explicit-any
14436:42  Warning: 'ExtArgs' is defined but never used.  @typescript-eslint/no-unused-vars
14496:42  Warning: 'ExtArgs' is defined but never used.  @typescript-eslint/no-unused-vars
14596:42  Warning: 'ExtArgs' is defined but never used.  @typescript-eslint/no-unused-vars
14723:33  Warning: 'ExtArgs' is defined but never used.  @typescript-eslint/no-unused-vars
14783:31  Warning: 'ExtArgs' is defined but never used.  @typescript-eslint/no-unused-vars
14869:46  Warning: 'ExtArgs' is defined but never used.  @typescript-eslint/no-unused-vars
14869:116  Error: The `{}` ("empty object") type allows any non-nullish value, including literals like `0` and `""`.
- If that's what you want, disable this lint rule with an inline comment or configure the 'allowObjectTypes' rule option.
- If you want a type meaning "any object", you probably want `object` instead.
- If you want a type meaning "any value", you probably want `unknown` instead.  @typescript-eslint/no-empty-object-type
14870:46  Warning: 'ExtArgs' is defined but never used.  @typescript-eslint/no-unused-vars
14870:116  Error: The `{}` ("empty object") type allows any non-nullish value, including literals like `0` and `""`.
- If that's what you want, disable this lint rule with an inline comment or configure the 'allowObjectTypes' rule option.
- If you want a type meaning "any object", you probably want `object` instead.
- If you want a type meaning "any value", you probably want `unknown` instead.  @typescript-eslint/no-empty-object-type
14886:17  Error: The `{}` ("empty object") type allows any non-nullish value, including literals like `0` and `""`.
- If that's what you want, disable this lint rule with an inline comment or configure the 'allowObjectTypes' rule option.
- If you want a type meaning "any object", you probably want `object` instead.
- If you want a type meaning "any value", you probably want `unknown` instead.  @typescript-eslint/no-empty-object-type
14891:22  Warning: 'ExtArgs' is defined but never used.  @typescript-eslint/no-unused-vars
14896:121  Error: The `{}` ("empty object") type allows any non-nullish value, including literals like `0` and `""`.
- If that's what you want, disable this lint rule with an inline comment or configure the 'allowObjectTypes' rule option.
- If you want a type meaning "any object", you probably want `object` instead.
- If you want a type meaning "any value", you probably want `unknown` instead.  @typescript-eslint/no-empty-object-type
15156:41  Error: Unexpected any. Specify a different type.  @typescript-eslint/no-explicit-any
15240:13  Error: The `{}` ("empty object") type allows any non-nullish value, including literals like `0` and `""`.
- If that's what you want, disable this lint rule with an inline comment or configure the 'allowObjectTypes' rule option.
- If you want a type meaning "any object", you probably want `object` instead.
- If you want a type meaning "any value", you probably want `unknown` instead.  @typescript-eslint/no-empty-object-type
15250:13  Error: The `{}` ("empty object") type allows any non-nullish value, including literals like `0` and `""`.
- If that's what you want, disable this lint rule with an inline comment or configure the 'allowObjectTypes' rule option.
- If you want a type meaning "any object", you probably want `object` instead.
- If you want a type meaning "any value", you probably want `unknown` instead.  @typescript-eslint/no-empty-object-type
15258:9  Error: The `{}` ("empty object") type allows any non-nullish value, including literals like `0` and `""`.
- If that's what you want, disable this lint rule with an inline comment or configure the 'allowObjectTypes' rule option.
- If you want a type meaning "any object", you probably want `object` instead.
- If you want a type meaning "any value", you probably want `unknown` instead.  @typescript-eslint/no-empty-object-type
15264:80  Error: The `{}` ("empty object") type allows any non-nullish value, including literals like `0` and `""`.
- If that's what you want, disable this lint rule with an inline comment or configure the 'allowObjectTypes' rule option.
- If you want a type meaning "any object", you probably want `object` instead.
- If you want a type meaning "any value", you probably want `unknown` instead.  @typescript-eslint/no-empty-object-type
15277:144  Error: The `{}` ("empty object") type allows any non-nullish value, including literals like `0` and `""`.
- If that's what you want, disable this lint rule with an inline comment or configure the 'allowObjectTypes' rule option.
- If you want a type meaning "any object", you probably want `object` instead.
- If you want a type meaning "any value", you probably want `unknown` instead.  @typescript-eslint/no-empty-object-type
15279:53  Error: The `{}` ("empty object") type allows any non-nullish value, including literals like `0` and `""`.
- If that's what you want, disable this lint rule with an inline comment or configure the 'allowObjectTypes' rule option.
- If you want a type meaning "any object", you probably want `object` instead.
- If you want a type meaning "any value", you probably want `unknown` instead.  @typescript-eslint/no-empty-object-type
15286:148  Error: Unexpected any. Specify a different type.  @typescript-eslint/no-explicit-any
15292:51  Error: Unexpected any. Specify a different type.  @typescript-eslint/no-explicit-any
15540:34  Warning: 'ExtArgs' is defined but never used.  @typescript-eslint/no-unused-vars
15596:34  Warning: 'ExtArgs' is defined but never used.  @typescript-eslint/no-unused-vars
15692:34  Warning: 'ExtArgs' is defined but never used.  @typescript-eslint/no-unused-vars
15839:40  Warning: 'ExtArgs' is defined but never used.  @typescript-eslint/no-unused-vars
15911:38  Warning: 'ExtArgs' is defined but never used.  @typescript-eslint/no-unused-vars
16035:17  Error: The `{}` ("empty object") type allows any non-nullish value, including literals like `0` and `""`.
- If that's what you want, disable this lint rule with an inline comment or configure the 'allowObjectTypes' rule option.
- If you want a type meaning "any object", you probably want `object` instead.
- If you want a type meaning "any value", you probably want `unknown` instead.  @typescript-eslint/no-empty-object-type
16040:29  Warning: 'ExtArgs' is defined but never used.  @typescript-eslint/no-unused-vars
16045:128  Error: The `{}` ("empty object") type allows any non-nullish value, including literals like `0` and `""`.
- If that's what you want, disable this lint rule with an inline comment or configure the 'allowObjectTypes' rule option.
- If you want a type meaning "any object", you probably want `object` instead.
- If you want a type meaning "any value", you probably want `unknown` instead.  @typescript-eslint/no-empty-object-type
16305:41  Error: Unexpected any. Specify a different type.  @typescript-eslint/no-explicit-any
16389:13  Error: The `{}` ("empty object") type allows any non-nullish value, including literals like `0` and `""`.
- If that's what you want, disable this lint rule with an inline comment or configure the 'allowObjectTypes' rule option.
- If you want a type meaning "any object", you probably want `object` instead.
- If you want a type meaning "any value", you probably want `unknown` instead.  @typescript-eslint/no-empty-object-type
16399:13  Error: The `{}` ("empty object") type allows any non-nullish value, including literals like `0` and `""`.
- If that's what you want, disable this lint rule with an inline comment or configure the 'allowObjectTypes' rule option.
- If you want a type meaning "any object", you probably want `object` instead.
- If you want a type meaning "any value", you probably want `unknown` instead.  @typescript-eslint/no-empty-object-type
16407:9  Error: The `{}` ("empty object") type allows any non-nullish value, including literals like `0` and `""`.
- If that's what you want, disable this lint rule with an inline comment or configure the 'allowObjectTypes' rule option.
- If you want a type meaning "any object", you probably want `object` instead.
- If you want a type meaning "any value", you probably want `unknown` instead.  @typescript-eslint/no-empty-object-type
16413:87  Error: The `{}` ("empty object") type allows any non-nullish value, including literals like `0` and `""`.
- If that's what you want, disable this lint rule with an inline comment or configure the 'allowObjectTypes' rule option.
- If you want a type meaning "any object", you probably want `object` instead.
- If you want a type meaning "any value", you probably want `unknown` instead.  @typescript-eslint/no-empty-object-type
16426:151  Error: The `{}` ("empty object") type allows any non-nullish value, including literals like `0` and `""`.
- If that's what you want, disable this lint rule with an inline comment or configure the 'allowObjectTypes' rule option.
- If you want a type meaning "any object", you probably want `object` instead.
- If you want a type meaning "any value", you probably want `unknown` instead.  @typescript-eslint/no-empty-object-type
16428:47  Error: The `{}` ("empty object") type allows any non-nullish value, including literals like `0` and `""`.
- If that's what you want, disable this lint rule with an inline comment or configure the 'allowObjectTypes' rule option.
- If you want a type meaning "any object", you probably want `object` instead.
- If you want a type meaning "any value", you probably want `unknown` instead.  @typescript-eslint/no-empty-object-type
16429:53  Error: The `{}` ("empty object") type allows any non-nullish value, including literals like `0` and `""`.
- If that's what you want, disable this lint rule with an inline comment or configure the 'allowObjectTypes' rule option.
- If you want a type meaning "any object", you probably want `object` instead.
- If you want a type meaning "any value", you probably want `unknown` instead.  @typescript-eslint/no-empty-object-type
16436:148  Error: Unexpected any. Specify a different type.  @typescript-eslint/no-explicit-any
16442:51  Error: Unexpected any. Specify a different type.  @typescript-eslint/no-explicit-any
16691:41  Warning: 'ExtArgs' is defined but never used.  @typescript-eslint/no-unused-vars
16751:41  Warning: 'ExtArgs' is defined but never used.  @typescript-eslint/no-unused-vars
16851:41  Warning: 'ExtArgs' is defined but never used.  @typescript-eslint/no-unused-vars

./src/generated/prisma/index.js
18:3  Warning: 'skip' is assigned a value but never used.  @typescript-eslint/no-unused-vars
20:3  Warning: 'Debug' is assigned a value but never used.  @typescript-eslint/no-unused-vars
24:3  Warning: 'warnOnce' is assigned a value but never used.  @typescript-eslint/no-unused-vars
27:3  Warning: 'getRuntime' is assigned a value but never used.  @typescript-eslint/no-unused-vars
28:3  Warning: 'createParam' is assigned a value but never used.  @typescript-eslint/no-unused-vars
29:5  Error: A `require()` style import is forbidden.  @typescript-eslint/no-require-imports
84:16  Error: A `require()` style import is forbidden.  @typescript-eslint/no-require-imports
420:12  Error: A `require()` style import is forbidden.  @typescript-eslint/no-require-imports
443:30  Error: A `require()` style import is forbidden.  @typescript-eslint/no-require-imports

./src/generated/prisma/query_engine_bg.js
1:292  Warning: Expected an assignment or function call and instead saw an expression.  @typescript-eslint/no-unused-expressions
1:4461  Warning: Expected an assignment or function call and instead saw an expression.  @typescript-eslint/no-unused-expressions
1:4552  Warning: Expected an assignment or function call and instead saw an expression.  @typescript-eslint/no-unused-expressions
1:5434  Warning: Expected an assignment or function call and instead saw an expression.  @typescript-eslint/no-unused-expressions
1:5889  Warning: Expected an assignment or function call and instead saw an expression.  @typescript-eslint/no-unused-expressions
2:2583  Warning: Expected an assignment or function call and instead saw an expression.  @typescript-eslint/no-unused-expressions
2:4170  Error: The array literal notation [] is preferable.  @typescript-eslint/no-array-constructor
2:5824  Warning: Expected an assignment or function call and instead saw an expression.  @typescript-eslint/no-unused-expressions
2:6038  Warning: 'n' is defined but never used.  @typescript-eslint/no-unused-vars
2:6143  Warning: Expected an assignment or function call and instead saw an expression.  @typescript-eslint/no-unused-expressions
2:6322  Warning: Expected an assignment or function call and instead saw an expression.  @typescript-eslint/no-unused-expressions
2:6765  Warning: Expected an assignment or function call and instead saw an expression.  @typescript-eslint/no-unused-expressions
2:6972  Warning: Expected an assignment or function call and instead saw an expression.  @typescript-eslint/no-unused-expressions
2:7094  Warning: Expected an assignment or function call and instead saw an expression.  @typescript-eslint/no-unused-expressions

./src/generated/prisma/runtime/edge-esm.js
4:428  Warning: Expected an assignment or function call and instead saw an expression.  @typescript-eslint/no-unused-expressions
4:637  Warning: 'b' is assigned a value but never used.  @typescript-eslint/no-unused-vars
4:662  Warning: Expected an assignment or function call and instead saw an expression.  @typescript-eslint/no-unused-expressions
4:798  Warning: 'x' is assigned a value but never used.  @typescript-eslint/no-unused-vars
4:1124  Warning: Expected an assignment or function call and instead saw an expression.  @typescript-eslint/no-unused-expressions
4:1324  Warning: Expected an assignment or function call and instead saw an expression.  @typescript-eslint/no-unused-expressions
4:1363  Warning: Expected an assignment or function call and instead saw an expression.  @typescript-eslint/no-unused-expressions
4:1506  Warning: Expected an assignment or function call and instead saw an expression.  @typescript-eslint/no-unused-expressions
4:1741  Warning: Expected an assignment or function call and instead saw an expression.  @typescript-eslint/no-unused-expressions
4:2182  Warning: Expected an assignment or function call and instead saw an expression.  @typescript-eslint/no-unused-expressions
4:2523  Warning: Expected an assignment or function call and instead saw an expression.  @typescript-eslint/no-unused-expressions
4:2801  Warning: Expected an assignment or function call and instead saw an expression.  @typescript-eslint/no-unused-expressions
4:3637  Warning: Expected an assignment or function call and instead saw an expression.  @typescript-eslint/no-unused-expressions
4:7757  Warning: Expected an assignment or function call and instead saw an expression.  @typescript-eslint/no-unused-expressions
4:8310  Warning: Expected an assignment or function call and instead saw an expression.  @typescript-eslint/no-unused-expressions
4:9145  Warning: Expected an assignment or function call and instead saw an expression.  @typescript-eslint/no-unused-expressions
4:9687  Warning: Expected an assignment or function call and instead saw an expression.  @typescript-eslint/no-unused-expressions
4:9771  Warning: Expected an assignment or function call and instead saw an expression.  @typescript-eslint/no-unused-expressions
4:10108  Warning: Expected an assignment or function call and instead saw an expression.  @typescript-eslint/no-unused-expressions
4:10299  Warning: Expected an assignment or function call and instead saw an expression.  @typescript-eslint/no-unused-expressions
4:10867  Warning: Expected an assignment or function call and instead saw an expression.  @typescript-eslint/no-unused-expressions
4:11514  Warning: Expected an assignment or function call and instead saw an expression.  @typescript-eslint/no-unused-expressions
4:12346  Warning: Expected an assignment or function call and instead saw an expression.  @typescript-eslint/no-unused-expressions
4:12530  Warning: Expected an assignment or function call and instead saw an expression.  @typescript-eslint/no-unused-expressions
4:12926  Warning: Expected an assignment or function call and instead saw an expression.  @typescript-eslint/no-unused-expressions
4:12972  Warning: Expected an assignment or function call and instead saw an expression.  @typescript-eslint/no-unused-expressions
4:13329  Warning: Expected an assignment or function call and instead saw an expression.  @typescript-eslint/no-unused-expressions
4:13395  Warning: Expected an assignment or function call and instead saw an expression.  @typescript-eslint/no-unused-expressions
4:13437  Warning: Expected an assignment or function call and instead saw an expression.  @typescript-eslint/no-unused-expressions
4:13750  Warning: Expected an assignment or function call and instead saw an expression.  @typescript-eslint/no-unused-expressions
4:14093  Warning: Expected an assignment or function call and instead saw an expression.  @typescript-eslint/no-unused-expressions
4:14476  Warning: Expected an assignment or function call and instead saw an expression.  @typescript-eslint/no-unused-expressions
4:14502  Warning: Expected an assignment or function call and instead saw an expression.  @typescript-eslint/no-unused-expressions
4:14571  Warning: Expected an assignment or function call and instead saw an expression.  @typescript-eslint/no-unused-expressions
4:14696  Warning: Expected an assignment or function call and instead saw an expression.  @typescript-eslint/no-unused-expressions
4:14836  Warning: Expected an assignment or function call and instead saw an expression.  @typescript-eslint/no-unused-expressions
4:15384  Warning: Expected an assignment or function call and instead saw an expression.  @typescript-eslint/no-unused-expressions
4:15645  Warning: Expected an assignment or function call and instead saw an expression.  @typescript-eslint/no-unused-expressions
4:16029  Warning: Expected an assignment or function call and instead saw an expression.  @typescript-eslint/no-unused-expressions
4:16198  Warning: Expected an assignment or function call and instead saw an expression.  @typescript-eslint/no-unused-expressions
4:17014  Warning: Expected an assignment or function call and instead saw an expression.  @typescript-eslint/no-unused-expressions
4:17063  Warning: Expected an assignment or function call and instead saw an expression.  @typescript-eslint/no-unused-expressions
4:17301  Warning: Expected an assignment or function call and instead saw an expression.  @typescript-eslint/no-unused-expressions
4:17350  Warning: Expected an assignment or function call and instead saw an expression.  @typescript-eslint/no-unused-expressions
4:17582  Warning: Expected an assignment or function call and instead saw an expression.  @typescript-eslint/no-unused-expressions
4:17761  Warning: Expected an assignment or function call and instead saw an expression.  @typescript-eslint/no-unused-expressions
4:18056  Warning: Expected an assignment or function call and instead saw an expression.  @typescript-eslint/no-unused-expressions
4:18182  Warning: Expected an assignment or function call and instead saw an expression.  @typescript-eslint/no-unused-expressions
4:18562  Warning: Expected an assignment or function call and instead saw an expression.  @typescript-eslint/no-unused-expressions
4:18611  Warning: Expected an assignment or function call and instead saw an expression.  @typescript-eslint/no-unused-expressions
4:18843  Warning: Expected an assignment or function call and instead saw an expression.  @typescript-eslint/no-unused-expressions
4:18892  Warning: Expected an assignment or function call and instead saw an expression.  @typescript-eslint/no-unused-expressions
4:21029  Warning: Expected an assignment or function call and instead saw an expression.  @typescript-eslint/no-unused-expressions
4:21273  Warning: Expected an assignment or function call and instead saw an expression.  @typescript-eslint/no-unused-expressions
4:21819  Warning: Expected an assignment or function call and instead saw an expression.  @typescript-eslint/no-unused-expressions
4:22054  Warning: Expected an assignment or function call and instead saw an expression.  @typescript-eslint/no-unused-expressions
4:23143  Warning: 'i' is defined but never used.  @typescript-eslint/no-unused-vars
4:23145  Warning: 'o' is defined but never used.  @typescript-eslint/no-unused-vars
4:24203  Warning: Expected an assignment or function call and instead saw an expression.  @typescript-eslint/no-unused-expressions
4:24772  Warning: Expected an assignment or function call and instead saw an expression.  @typescript-eslint/no-unused-expressions
4:24819  Warning: Expected an assignment or function call and instead saw an expression.  @typescript-eslint/no-unused-expressions
4:24981  Warning: Expected an assignment or function call and instead saw an expression.  @typescript-eslint/no-unused-expressions
4:25328  Warning: Expected an assignment or function call and instead saw an expression.  @typescript-eslint/no-unused-expressions
4:26399  Warning: Expected an assignment or function call and instead saw an expression.  @typescript-eslint/no-unused-expressions
4:27332  Warning: Expected an assignment or function call and instead saw an expression.  @typescript-eslint/no-unused-expressions
4:27389  Warning: Expected an assignment or function call and instead saw an expression.  @typescript-eslint/no-unused-expressions
4:27454  Warning: Expected an assignment or function call and instead saw an expression.  @typescript-eslint/no-unused-expressions
4:27533  Warning: Expected an assignment or function call and instead saw an expression.  @typescript-eslint/no-unused-expressions
4:28047  Warning: Expected an assignment or function call and instead saw an expression.  @typescript-eslint/no-unused-expressions
4:29311  Warning: Expected an assignment or function call and instead saw an expression.  @typescript-eslint/no-unused-expressions
4:29925  Warning: Expected an assignment or function call and instead saw an expression.  @typescript-eslint/no-unused-expressions
4:30066  Warning: Expected an assignment or function call and instead saw an expression.  @typescript-eslint/no-unused-expressions
4:30080  Warning: Expected an assignment or function call and instead saw an expression.  @typescript-eslint/no-unused-expressions
4:34024  Warning: Expected an assignment or function call and instead saw an expression.  @typescript-eslint/no-unused-expressions
4:34106  Warning: Expected an assignment or function call and instead saw an expression.  @typescript-eslint/no-unused-expressions
4:34256  Warning: Expected an assignment or function call and instead saw an expression.  @typescript-eslint/no-unused-expressions
4:34450  Warning: Expected an assignment or function call and instead saw an expression.  @typescript-eslint/no-unused-expressions
4:34607  Warning: Expected an assignment or function call and instead saw an expression.  @typescript-eslint/no-unused-expressions
4:35317  Warning: 'e' is defined but never used.  @typescript-eslint/no-unused-vars
4:35414  Warning: Expected an assignment or function call and instead saw an expression.  @typescript-eslint/no-unused-expressions
4:35779  Warning: 'bm' is assigned a value but never used.  @typescript-eslint/no-unused-vars
4:35811  Warning: 'xm' is assigned a value but never used.  @typescript-eslint/no-unused-vars
4:35833  Warning: 'Pm' is assigned a value but never used.  @typescript-eslint/no-unused-vars
4:35844  Warning: 'vm' is assigned a value but never used.  @typescript-eslint/no-unused-vars
4:35855  Warning: 'Tm' is assigned a value but never used.  @typescript-eslint/no-unused-vars
4:35866  Warning: 'Am' is assigned a value but never used.  @typescript-eslint/no-unused-vars
4:35926  Warning: 'Rm' is assigned a value but never used.  @typescript-eslint/no-unused-vars
4:35950  Warning: 'Cm' is assigned a value but never used.  @typescript-eslint/no-unused-vars
4:35974  Warning: 'Sm' is assigned a value but never used.  @typescript-eslint/no-unused-vars
4:35986  Warning: 'Im' is assigned a value but never used.  @typescript-eslint/no-unused-vars
4:35998  Warning: 'Om' is assigned a value but never used.  @typescript-eslint/no-unused-vars
4:36010  Warning: 'km' is assigned a value but never used.  @typescript-eslint/no-unused-vars
4:36022  Warning: 'Dm' is assigned a value but never used.  @typescript-eslint/no-unused-vars
4:36034  Warning: 'Mm' is assigned a value but never used.  @typescript-eslint/no-unused-vars
4:36046  Warning: '_m' is assigned a value but never used.  @typescript-eslint/no-unused-vars
4:36058  Warning: 'Nm' is assigned a value but never used.  @typescript-eslint/no-unused-vars
4:36070  Warning: 'Fm' is assigned a value but never used.  @typescript-eslint/no-unused-vars
4:36335  Warning: Expected an assignment or function call and instead saw an expression.  @typescript-eslint/no-unused-expressions
4:36956  Warning: 's' is assigned a value but never used.  @typescript-eslint/no-unused-vars
4:37112  Warning: Expected an assignment or function call and instead saw an expression.  @typescript-eslint/no-unused-expressions
4:38487  Warning: Expected an assignment or function call and instead saw an expression.  @typescript-eslint/no-unused-expressions
4:39523  Warning: Expected an assignment or function call and instead saw an expression.  @typescript-eslint/no-unused-expressions
4:39699  Warning: Expected an assignment or function call and instead saw an expression.  @typescript-eslint/no-unused-expressions
4:39815  Warning: Expected an assignment or function call and instead saw an expression.  @typescript-eslint/no-unused-expressions
4:40192  Warning: Expected an assignment or function call and instead saw an expression.  @typescript-eslint/no-unused-expressions
4:40552  Warning: Expected an assignment or function call and instead saw an expression.  @typescript-eslint/no-unused-expressions
4:40847  Warning: Expected an assignment or function call and instead saw an expression.  @typescript-eslint/no-unused-expressions
4:41240  Warning: Expected an assignment or function call and instead saw an expression.  @typescript-eslint/no-unused-expressions
4:45100  Error: Unexpected aliasing of 'this' to local variable.  @typescript-eslint/no-this-alias
4:45296  Error: Unexpected aliasing of 'this' to local variable.  @typescript-eslint/no-this-alias
4:45652  Error: Unexpected aliasing of 'this' to local variable.  @typescript-eslint/no-this-alias
4:45922  Error: Unexpected aliasing of 'this' to local variable.  @typescript-eslint/no-this-alias
4:46507  Warning: Expected an assignment or function call and instead saw an expression.  @typescript-eslint/no-unused-expressions
4:46521  Warning: Expected an assignment or function call and instead saw an expression.  @typescript-eslint/no-unused-expressions
4:46768  Warning: Expected an assignment or function call and instead saw an expression.  @typescript-eslint/no-unused-expressions
4:46907  Error: Unexpected aliasing of 'this' to local variable.  @typescript-eslint/no-this-alias
4:47285  Error: Unexpected aliasing of 'this' to local variable.  @typescript-eslint/no-this-alias
4:47385  Warning: Expected an assignment or function call and instead saw an expression.  @typescript-eslint/no-unused-expressions
4:47627  Warning: Expected an assignment or function call and instead saw an expression.  @typescript-eslint/no-unused-expressions
4:47770  Error: Unexpected aliasing of 'this' to local variable.  @typescript-eslint/no-this-alias
4:47957  Warning: Expected an assignment or function call and instead saw an expression.  @typescript-eslint/no-unused-expressions
4:48078  Warning: Expected an assignment or function call and instead saw an expression.  @typescript-eslint/no-unused-expressions
4:48231  Error: Unexpected aliasing of 'this' to local variable.  @typescript-eslint/no-this-alias
4:48450  Error: Unexpected aliasing of 'this' to local variable.  @typescript-eslint/no-this-alias
4:48782  Error: Unexpected aliasing of 'this' to local variable.  @typescript-eslint/no-this-alias
4:49086  Error: Unexpected aliasing of 'this' to local variable.  @typescript-eslint/no-this-alias
4:49380  Error: Unexpected aliasing of 'this' to local variable.  @typescript-eslint/no-this-alias
4:49748  Error: Unexpected aliasing of 'this' to local variable.  @typescript-eslint/no-this-alias
4:50089  Error: Unexpected aliasing of 'this' to local variable.  @typescript-eslint/no-this-alias
4:51164  Error: Unexpected aliasing of 'this' to local variable.  @typescript-eslint/no-this-alias
4:51229  Warning: Expected an assignment or function call and instead saw an expression.  @typescript-eslint/no-unused-expressions
4:51608  Warning: Expected an assignment or function call and instead saw an expression.  @typescript-eslint/no-unused-expressions
4:51761  Error: Unexpected aliasing of 'this' to local variable.  @typescript-eslint/no-this-alias
4:52502  Warning: Expected an assignment or function call and instead saw an expression.  @typescript-eslint/no-unused-expressions
4:52679  Error: Unexpected aliasing of 'this' to local variable.  @typescript-eslint/no-this-alias
4:53151  Error: Unexpected aliasing of 'this' to local variable.  @typescript-eslint/no-this-alias
4:53648  Warning: Expected an assignment or function call and instead saw an expression.  @typescript-eslint/no-unused-expressions
4:53815  Error: Unexpected aliasing of 'this' to local variable.  @typescript-eslint/no-this-alias
4:53954  Error: Unexpected aliasing of 'this' to local variable.  @typescript-eslint/no-this-alias
4:54046  Error: Unexpected aliasing of 'this' to local variable.  @typescript-eslint/no-this-alias
4:54315  Error: Unexpected aliasing of 'this' to local variable.  @typescript-eslint/no-this-alias
4:54839  Warning: Expected an assignment or function call and instead saw an expression.  @typescript-eslint/no-unused-expressions
4:54853  Warning: Expected an assignment or function call and instead saw an expression.  @typescript-eslint/no-unused-expressions
4:54999  Error: Unexpected aliasing of 'this' to local variable.  @typescript-eslint/no-this-alias
4:55305  Error: Unexpected aliasing of 'this' to local variable.  @typescript-eslint/no-this-alias
4:55597  Warning: Expected an assignment or function call and instead saw an expression.  @typescript-eslint/no-unused-expressions
4:55849  Error: Unexpected aliasing of 'this' to local variable.  @typescript-eslint/no-this-alias
4:56002  Error: Unexpected aliasing of 'this' to local variable.  @typescript-eslint/no-this-alias
4:56200  Error: Unexpected aliasing of 'this' to local variable.  @typescript-eslint/no-this-alias
4:56424  Error: Unexpected aliasing of 'this' to local variable.  @typescript-eslint/no-this-alias
4:56770  Warning: Expected an assignment or function call and instead saw an expression.  @typescript-eslint/no-unused-expressions
4:57109  Error: Unexpected aliasing of 'this' to local variable.  @typescript-eslint/no-this-alias
4:57172  Warning: Expected an assignment or function call and instead saw an expression.  @typescript-eslint/no-unused-expressions
4:57499  Error: Unexpected aliasing of 'this' to local variable.  @typescript-eslint/no-this-alias
4:58310  Error: Unexpected aliasing of 'this' to local variable.  @typescript-eslint/no-this-alias
4:58570  Error: Unexpected aliasing of 'this' to local variable.  @typescript-eslint/no-this-alias
4:58730  Error: Unexpected aliasing of 'this' to local variable.  @typescript-eslint/no-this-alias
4:58947  Error: Unexpected aliasing of 'this' to local variable.  @typescript-eslint/no-this-alias
4:59115  Warning: Expected an assignment or function call and instead saw an expression.  @typescript-eslint/no-unused-expressions
4:59157  Warning: Expected an assignment or function call and instead saw an expression.  @typescript-eslint/no-unused-expressions
4:59941  Warning: Expected an assignment or function call and instead saw an expression.  @typescript-eslint/no-unused-expressions
4:60075  Warning: Expected an assignment or function call and instead saw an expression.  @typescript-eslint/no-unused-expressions
4:60397  Warning: Expected an assignment or function call and instead saw an expression.  @typescript-eslint/no-unused-expressions
4:60606  Warning: Expected an assignment or function call and instead saw an expression.  @typescript-eslint/no-unused-expressions
4:61124  Warning: Expected an assignment or function call and instead saw an expression.  @typescript-eslint/no-unused-expressions
4:61206  Warning: Expected an assignment or function call and instead saw an expression.  @typescript-eslint/no-unused-expressions
4:61379  Warning: Expected an assignment or function call and instead saw an expression.  @typescript-eslint/no-unused-expressions
4:61433  Warning: Expected an assignment or function call and instead saw an expression.  @typescript-eslint/no-unused-expressions
4:61863  Warning: Expected an assignment or function call and instead saw an expression.  @typescript-eslint/no-unused-expressions
4:61887  Warning: Expected an assignment or function call and instead saw an expression.  @typescript-eslint/no-unused-expressions
4:61934  Warning: Expected an assignment or function call and instead saw an expression.  @typescript-eslint/no-unused-expressions
4:62117  Warning: Expected an assignment or function call and instead saw an expression.  @typescript-eslint/no-unused-expressions
4:62230  Warning: Expected an assignment or function call and instead saw an expression.  @typescript-eslint/no-unused-expressions
4:62304  Warning: Expected an assignment or function call and instead saw an expression.  @typescript-eslint/no-unused-expressions
4:62775  Warning: Expected an assignment or function call and instead saw an expression.  @typescript-eslint/no-unused-expressions
4:62845  Warning: Expected an assignment or function call and instead saw an expression.  @typescript-eslint/no-unused-expressions
4:63870  Warning: Expected an assignment or function call and instead saw an expression.  @typescript-eslint/no-unused-expressions
4:63915  Warning: Expected an assignment or function call and instead saw an expression.  @typescript-eslint/no-unused-expressions
4:64091  Warning: Expected an assignment or function call and instead saw an expression.  @typescript-eslint/no-unused-expressions
4:64365  Warning: Expected an assignment or function call and instead saw an expression.  @typescript-eslint/no-unused-expressions
4:64625  Warning: Expected an assignment or function call and instead saw an expression.  @typescript-eslint/no-unused-expressions
4:65059  Warning: Expected an assignment or function call and instead saw an expression.  @typescript-eslint/no-unused-expressions
4:65099  Warning: Expected an assignment or function call and instead saw an expression.  @typescript-eslint/no-unused-expressions
4:65539  Warning: Expected an assignment or function call and instead saw an expression.  @typescript-eslint/no-unused-expressions
4:65682  Warning: Expected an assignment or function call and instead saw an expression.  @typescript-eslint/no-unused-expressions
4:66112  Warning: Expected an assignment or function call and instead saw an expression.  @typescript-eslint/no-unused-expressions
4:66165  Warning: Expected an assignment or function call and instead saw an expression.  @typescript-eslint/no-unused-expressions
4:66270  Warning: Expected an assignment or function call and instead saw an expression.  @typescript-eslint/no-unused-expressions
4:66503  Warning: Expected an assignment or function call and instead saw an expression.  @typescript-eslint/no-unused-expressions
4:67025  Warning: Expected an assignment or function call and instead saw an expression.  @typescript-eslint/no-unused-expressions
4:67143  Warning: Expected an assignment or function call and instead saw an expression.  @typescript-eslint/no-unused-expressions
4:67492  Warning: Expected an assignment or function call and instead saw an expression.  @typescript-eslint/no-unused-expressions
4:67508  Warning: 'd' is assigned a value but never used.  @typescript-eslint/no-unused-vars
4:68503  Warning: Expected an assignment or function call and instead saw an expression.  @typescript-eslint/no-unused-expressions
4:68881  Warning: Expected an assignment or function call and instead saw an expression.  @typescript-eslint/no-unused-expressions
4:69381  Warning: Expected an assignment or function call and instead saw an expression.  @typescript-eslint/no-unused-expressions
4:70699  Error: Unexpected aliasing of 'this' to local variable.  @typescript-eslint/no-this-alias
4:70769  Warning: Expected an assignment or function call and instead saw an expression.  @typescript-eslint/no-unused-expressions
4:70947  Warning: Expected an assignment or function call and instead saw an expression.  @typescript-eslint/no-unused-expressions
4:71054  Warning: Expected an assignment or function call and instead saw an expression.  @typescript-eslint/no-unused-expressions
4:71160  Warning: Expected an assignment or function call and instead saw an expression.  @typescript-eslint/no-unused-expressions
4:72178  Warning: Expected an assignment or function call and instead saw an expression.  @typescript-eslint/no-unused-expressions
4:72475  Warning: Expected an assignment or function call and instead saw an expression.  @typescript-eslint/no-unused-expressions
4:73211  Warning: Expected an assignment or function call and instead saw an expression.  @typescript-eslint/no-unused-expressions
4:73355  Warning: Expected an assignment or function call and instead saw an expression.  @typescript-eslint/no-unused-expressions
4:73618  Warning: Expected an assignment or function call and instead saw an expression.  @typescript-eslint/no-unused-expressions
4:73697  Warning: Expected an assignment or function call and instead saw an expression.  @typescript-eslint/no-unused-expressions
4:75370  Warning: 'Tu' is assigned a value but never used.  @typescript-eslint/no-unused-vars
4:76118  Warning: Expected an assignment or function call and instead saw an expression.  @typescript-eslint/no-unused-expressions
4:76190  Warning: Expected an assignment or function call and instead saw an expression.  @typescript-eslint/no-unused-expressions
5:379  Warning: Expected an assignment or function call and instead saw an expression.  @typescript-eslint/no-unused-expressions
5:680  Warning: Expected an assignment or function call and instead saw an expression.  @typescript-eslint/no-unused-expressions
5:1463  Warning: Expected an assignment or function call and instead saw an expression.  @typescript-eslint/no-unused-expressions
5:2020  Warning: Expected an assignment or function call and instead saw an expression.  @typescript-eslint/no-unused-expressions
5:2120  Warning: Expected an assignment or function call and instead saw an expression.  @typescript-eslint/no-unused-expressions
6:743  Warning: Expected an assignment or function call and instead saw an expression.  @typescript-eslint/no-unused-expressions
6:1332  Warning: Expected an assignment or function call and instead saw an expression.  @typescript-eslint/no-unused-expressions
6:1445  Warning: Expected an assignment or function call and instead saw an expression.  @typescript-eslint/no-unused-expressions
6:2358  Error: Unexpected aliasing of 'this' to local variable.  @typescript-eslint/no-this-alias
6:3260  Warning: Expected an assignment or function call and instead saw an expression.  @typescript-eslint/no-unused-expressions
6:3354  Warning: Expected an assignment or function call and instead saw an expression.  @typescript-eslint/no-unused-expressions
6:3719  Warning: Expected an assignment or function call and instead saw an expression.  @typescript-eslint/no-unused-expressions
6:4868  Warning: Expected an assignment or function call and instead saw an expression.  @typescript-eslint/no-unused-expressions
6:5294  Warning: Expected an assignment or function call and instead saw an expression.  @typescript-eslint/no-unused-expressions
7:807  Warning: Expected an assignment or function call and instead saw an expression.  @typescript-eslint/no-unused-expressions
7:1129  Warning: Expected an assignment or function call and instead saw an expression.  @typescript-eslint/no-unused-expressions
7:1412  Warning: Expected an assignment or function call and instead saw an expression.  @typescript-eslint/no-unused-expressions
7:2157  Warning: Expected an assignment or function call and instead saw an expression.  @typescript-eslint/no-unused-expressions
7:2426  Warning: Expected an assignment or function call and instead saw an expression.  @typescript-eslint/no-unused-expressions
7:2741  Warning: Expected an assignment or function call and instead saw an expression.  @typescript-eslint/no-unused-expressions
7:4062  Warning: Expected an assignment or function call and instead saw an expression.  @typescript-eslint/no-unused-expressions
7:4411  Warning: Expected an assignment or function call and instead saw an expression.  @typescript-eslint/no-unused-expressions
7:4899  Warning: Expected an assignment or function call and instead saw an expression.  @typescript-eslint/no-unused-expressions
7:5293  Warning: Expected an assignment or function call and instead saw an expression.  @typescript-eslint/no-unused-expressions
7:5947  Warning: Expected an assignment or function call and instead saw an expression.  @typescript-eslint/no-unused-expressions
7:6581  Warning: Expected an assignment or function call and instead saw an expression.  @typescript-eslint/no-unused-expressions
7:6679  Warning: Expected an assignment or function call and instead saw an expression.  @typescript-eslint/no-unused-expressions
7:6792  Warning: Expected an assignment or function call and instead saw an expression.  @typescript-eslint/no-unused-expressions
7:6899  Warning: Expected an assignment or function call and instead saw an expression.  @typescript-eslint/no-unused-expressions
7:7555  Warning: Expected an assignment or function call and instead saw an expression.  @typescript-eslint/no-unused-expressions
7:8024  Warning: Expected an assignment or function call and instead saw an expression.  @typescript-eslint/no-unused-expressions
7:8168  Warning: Expected an assignment or function call and instead saw an expression.  @typescript-eslint/no-unused-expressions
7:8495  Warning: Expected an assignment or function call and instead saw an expression.  @typescript-eslint/no-unused-expressions
7:9306  Warning: Expected an assignment or function call and instead saw an expression.  @typescript-eslint/no-unused-expressions
8:7031  Warning: Expected an assignment or function call and instead saw an expression.  @typescript-eslint/no-unused-expressions
8:7296  Warning: Expected an assignment or function call and instead saw an expression.  @typescript-eslint/no-unused-expressions
8:8842  Warning: Expected an assignment or function call and instead saw an expression.  @typescript-eslint/no-unused-expressions
8:9768  Warning: Expected an assignment or function call and instead saw an expression.  @typescript-eslint/no-unused-expressions
8:9980  Warning: Expected an assignment or function call and instead saw an expression.  @typescript-eslint/no-unused-expressions
8:12845  Warning: Expected an assignment or function call and instead saw an expression.  @typescript-eslint/no-unused-expressions
8:13424  Warning: Expected an assignment or function call and instead saw an expression.  @typescript-eslint/no-unused-expressions
8:13629  Warning: Expected an assignment or function call and instead saw an expression.  @typescript-eslint/no-unused-expressions
8:13713  Warning: Expected an assignment or function call and instead saw an expression.  @typescript-eslint/no-unused-expressions
9:1258  Warning: Expected an assignment or function call and instead saw an expression.  @typescript-eslint/no-unused-expressions
9:1300  Warning: Expected an assignment or function call and instead saw an expression.  @typescript-eslint/no-unused-expressions
9:5015  Warning: Expected an assignment or function call and instead saw an expression.  @typescript-eslint/no-unused-expressions
9:5106  Warning: Expected an assignment or function call and instead saw an expression.  @typescript-eslint/no-unused-expressions
9:5132  Warning: Expected an assignment or function call and instead saw an expression.  @typescript-eslint/no-unused-expressions
9:7209  Warning: Expected an assignment or function call and instead saw an expression.  @typescript-eslint/no-unused-expressions
14:396  Warning: Expected an assignment or function call and instead saw an expression.  @typescript-eslint/no-unused-expressions
14:557  Warning: Expected an assignment or function call and instead saw an expression.  @typescript-eslint/no-unused-expressions
14:1543  Warning: Expected an assignment or function call and instead saw an expression.  @typescript-eslint/no-unused-expressions
14:1861  Warning: Expected an assignment or function call and instead saw an expression.  @typescript-eslint/no-unused-expressions
14:2175  Warning: Expected an assignment or function call and instead saw an expression.  @typescript-eslint/no-unused-expressions
14:3043  Warning: Expected an assignment or function call and instead saw an expression.  @typescript-eslint/no-unused-expressions
14:3533  Warning: Expected an assignment or function call and instead saw an expression.  @typescript-eslint/no-unused-expressions
14:3706  Warning: Expected an assignment or function call and instead saw an expression.  @typescript-eslint/no-unused-expressions
14:3915  Warning: Expected an assignment or function call and instead saw an expression.  @typescript-eslint/no-unused-expressions
14:5034  Warning: Expected an assignment or function call and instead saw an expression.  @typescript-eslint/no-unused-expressions
14:8291  Warning: Expected an assignment or function call and instead saw an expression.  @typescript-eslint/no-unused-expressions
15:1734  Warning: Expected an assignment or function call and instead saw an expression.  @typescript-eslint/no-unused-expressions
15:2110  Warning: Expected an assignment or function call and instead saw an expression.  @typescript-eslint/no-unused-expressions
15:2234  Warning: Expected an assignment or function call and instead saw an expression.  @typescript-eslint/no-unused-expressions
15:2627  Warning: Expected an assignment or function call and instead saw an expression.  @typescript-eslint/no-unused-expressions
15:3093  Warning: Expected an assignment or function call and instead saw an expression.  @typescript-eslint/no-unused-expressions
15:3660  Warning: Expected an assignment or function call and instead saw an expression.  @typescript-eslint/no-unused-expressions
15:4936  Warning: Expected an assignment or function call and instead saw an expression.  @typescript-eslint/no-unused-expressions
15:5801  Warning: Expected an assignment or function call and instead saw an expression.  @typescript-eslint/no-unused-expressions
15:6179  Warning: Expected an assignment or function call and instead saw an expression.  @typescript-eslint/no-unused-expressions
16:88  Warning: Expected an assignment or function call and instead saw an expression.  @typescript-eslint/no-unused-expressions
16:276  Warning: Expected an assignment or function call and instead saw an expression.  @typescript-eslint/no-unused-expressions
16:1605  Warning: 'a' is assigned a value but never used.  @typescript-eslint/no-unused-vars
16:1621  Warning: 'l' is assigned a value but never used.  @typescript-eslint/no-unused-vars
16:1636  Warning: 'd' is assigned a value but never used.  @typescript-eslint/no-unused-vars
16:1651  Warning: 'g' is assigned a value but never used.  @typescript-eslint/no-unused-vars
23:72  Warning: Expected an assignment or function call and instead saw an expression.  @typescript-eslint/no-unused-expressions
23:171  Warning: Expected an assignment or function call and instead saw an expression.  @typescript-eslint/no-unused-expressions
23:264  Warning: Expected an assignment or function call and instead saw an expression.  @typescript-eslint/no-unused-expressions
23:380  Warning: Expected an assignment or function call and instead saw an expression.  @typescript-eslint/no-unused-expressions
23:463  Warning: Expected an assignment or function call and instead saw an expression.  @typescript-eslint/no-unused-expressions
23:3533  Warning: Expected an assignment or function call and instead saw an expression.  @typescript-eslint/no-unused-expressions
23:3751  Warning: Expected an assignment or function call and instead saw an expression.  @typescript-eslint/no-unused-expressions
23:3836  Warning: Expected an assignment or function call and instead saw an expression.  @typescript-eslint/no-unused-expressions
23:4139  Warning: Expected an assignment or function call and instead saw an expression.  @typescript-eslint/no-unused-expressions
23:5302  Warning: Expected an assignment or function call and instead saw an expression.  @typescript-eslint/no-unused-expressions
23:8936  Warning: Expected an assignment or function call and instead saw an expression.  @typescript-eslint/no-unused-expressions
28:1875  Warning: Expected an assignment or function call and instead saw an expression.  @typescript-eslint/no-unused-expressions
28:3177  Warning: Expected an assignment or function call and instead saw an expression.  @typescript-eslint/no-unused-expressions
28:3310  Warning: Expected an assignment or function call and instead saw an expression.  @typescript-eslint/no-unused-expressions
28:3496  Warning: Expected an assignment or function call and instead saw an expression.  @typescript-eslint/no-unused-expressions
28:3695  Warning: Expected an assignment or function call and instead saw an expression.  @typescript-eslint/no-unused-expressions
32:151  Warning: Expected an assignment or function call and instead saw an expression.  @typescript-eslint/no-unused-expressions
32:200  Warning: Expected an assignment or function call and instead saw an expression.  @typescript-eslint/no-unused-expressions
32:257  Warning: Expected an assignment or function call and instead saw an expression.  @typescript-eslint/no-unused-expressions
32:296  Warning: Expected an assignment or function call and instead saw an expression.  @typescript-eslint/no-unused-expressions
32:368  Warning: Expected an assignment or function call and instead saw an expression.  @typescript-eslint/no-unused-expressions
32:903  Warning: Expected an assignment or function call and instead saw an expression.  @typescript-eslint/no-unused-expressions
32:994  Warning: Expected an assignment or function call and instead saw an expression.  @typescript-eslint/no-unused-expressions
32:1182  Warning: 'o' is assigned a value but never used.  @typescript-eslint/no-unused-vars
32:2062  Warning: Expected an assignment or function call and instead saw an expression.  @typescript-eslint/no-unused-expressions
32:2134  Warning: Expected an assignment or function call and instead saw an expression.  @typescript-eslint/no-unused-expressions
32:3984  Warning: Expected an assignment or function call and instead saw an expression.  @typescript-eslint/no-unused-expressions
32:8050  Warning: Expected an assignment or function call and instead saw an expression.  @typescript-eslint/no-unused-expressions
32:8419  Warning: Expected an assignment or function call and instead saw an expression.  @typescript-eslint/no-unused-expressions
32:9379  Warning: Expected an assignment or function call and instead saw an expression.  @typescript-eslint/no-unused-expressions

./src/generated/prisma/runtime/edge.js
4:441  Warning: Expected an assignment or function call and instead saw an expression.  @typescript-eslint/no-unused-expressions
4:693  Warning: 'b' is assigned a value but never used.  @typescript-eslint/no-unused-vars
4:718  Warning: Expected an assignment or function call and instead saw an expression.  @typescript-eslint/no-unused-expressions
4:854  Warning: 'x' is assigned a value but never used.  @typescript-eslint/no-unused-vars
4:1180  Warning: Expected an assignment or function call and instead saw an expression.  @typescript-eslint/no-unused-expressions
4:1380  Warning: Expected an assignment or function call and instead saw an expression.  @typescript-eslint/no-unused-expressions
4:1419  Warning: Expected an assignment or function call and instead saw an expression.  @typescript-eslint/no-unused-expressions
4:1562  Warning: Expected an assignment or function call and instead saw an expression.  @typescript-eslint/no-unused-expressions
4:1797  Warning: Expected an assignment or function call and instead saw an expression.  @typescript-eslint/no-unused-expressions
4:2238  Warning: Expected an assignment or function call and instead saw an expression.  @typescript-eslint/no-unused-expressions
4:2579  Warning: Expected an assignment or function call and instead saw an expression.  @typescript-eslint/no-unused-expressions
4:2857  Warning: Expected an assignment or function call and instead saw an expression.  @typescript-eslint/no-unused-expressions
4:3693  Warning: Expected an assignment or function call and instead saw an expression.  @typescript-eslint/no-unused-expressions
4:7813  Warning: Expected an assignment or function call and instead saw an expression.  @typescript-eslint/no-unused-expressions
4:8366  Warning: Expected an assignment or function call and instead saw an expression.  @typescript-eslint/no-unused-expressions
4:9201  Warning: Expected an assignment or function call and instead saw an expression.  @typescript-eslint/no-unused-expressions
4:9743  Warning: Expected an assignment or function call and instead saw an expression.  @typescript-eslint/no-unused-expressions
4:9827  Warning: Expected an assignment or function call and instead saw an expression.  @typescript-eslint/no-unused-expressions
4:10164  Warning: Expected an assignment or function call and instead saw an expression.  @typescript-eslint/no-unused-expressions
4:10355  Warning: Expected an assignment or function call and instead saw an expression.  @typescript-eslint/no-unused-expressions
4:10923  Warning: Expected an assignment or function call and instead saw an expression.  @typescript-eslint/no-unused-expressions
4:11570  Warning: Expected an assignment or function call and instead saw an expression.  @typescript-eslint/no-unused-expressions
4:12402  Warning: Expected an assignment or function call and instead saw an expression.  @typescript-eslint/no-unused-expressions
4:12586  Warning: Expected an assignment or function call and instead saw an expression.  @typescript-eslint/no-unused-expressions
4:12982  Warning: Expected an assignment or function call and instead saw an expression.  @typescript-eslint/no-unused-expressions
4:13028  Warning: Expected an assignment or function call and instead saw an expression.  @typescript-eslint/no-unused-expressions
4:13385  Warning: Expected an assignment or function call and instead saw an expression.  @typescript-eslint/no-unused-expressions
4:13451  Warning: Expected an assignment or function call and instead saw an expression.  @typescript-eslint/no-unused-expressions
4:13493  Warning: Expected an assignment or function call and instead saw an expression.  @typescript-eslint/no-unused-expressions
4:13806  Warning: Expected an assignment or function call and instead saw an expression.  @typescript-eslint/no-unused-expressions
4:14149  Warning: Expected an assignment or function call and instead saw an expression.  @typescript-eslint/no-unused-expressions
4:14532  Warning: Expected an assignment or function call and instead saw an expression.  @typescript-eslint/no-unused-expressions
4:14558  Warning: Expected an assignment or function call and instead saw an expression.  @typescript-eslint/no-unused-expressions
4:14627  Warning: Expected an assignment or function call and instead saw an expression.  @typescript-eslint/no-unused-expressions
4:14752  Warning: Expected an assignment or function call and instead saw an expression.  @typescript-eslint/no-unused-expressions
4:14892  Warning: Expected an assignment or function call and instead saw an expression.  @typescript-eslint/no-unused-expressions
4:15440  Warning: Expected an assignment or function call and instead saw an expression.  @typescript-eslint/no-unused-expressions
4:15701  Warning: Expected an assignment or function call and instead saw an expression.  @typescript-eslint/no-unused-expressions
4:16085  Warning: Expected an assignment or function call and instead saw an expression.  @typescript-eslint/no-unused-expressions
4:16254  Warning: Expected an assignment or function call and instead saw an expression.  @typescript-eslint/no-unused-expressions
4:17070  Warning: Expected an assignment or function call and instead saw an expression.  @typescript-eslint/no-unused-expressions
4:17119  Warning: Expected an assignment or function call and instead saw an expression.  @typescript-eslint/no-unused-expressions
4:17357  Warning: Expected an assignment or function call and instead saw an expression.  @typescript-eslint/no-unused-expressions
4:17406  Warning: Expected an assignment or function call and instead saw an expression.  @typescript-eslint/no-unused-expressions
4:17638  Warning: Expected an assignment or function call and instead saw an expression.  @typescript-eslint/no-unused-expressions
4:17817  Warning: Expected an assignment or function call and instead saw an expression.  @typescript-eslint/no-unused-expressions
4:18112  Warning: Expected an assignment or function call and instead saw an expression.  @typescript-eslint/no-unused-expressions
4:18238  Warning: Expected an assignment or function call and instead saw an expression.  @typescript-eslint/no-unused-expressions
4:18618  Warning: Expected an assignment or function call and instead saw an expression.  @typescript-eslint/no-unused-expressions
4:18667  Warning: Expected an assignment or function call and instead saw an expression.  @typescript-eslint/no-unused-expressions
4:18899  Warning: Expected an assignment or function call and instead saw an expression.  @typescript-eslint/no-unused-expressions
4:18948  Warning: Expected an assignment or function call and instead saw an expression.  @typescript-eslint/no-unused-expressions
4:21085  Warning: Expected an assignment or function call and instead saw an expression.  @typescript-eslint/no-unused-expressions
4:21329  Warning: Expected an assignment or function call and instead saw an expression.  @typescript-eslint/no-unused-expressions
4:21875  Warning: Expected an assignment or function call and instead saw an expression.  @typescript-eslint/no-unused-expressions
4:22110  Warning: Expected an assignment or function call and instead saw an expression.  @typescript-eslint/no-unused-expressions
4:23199  Warning: 'i' is defined but never used.  @typescript-eslint/no-unused-vars
4:23201  Warning: 'o' is defined but never used.  @typescript-eslint/no-unused-vars
4:24259  Warning: Expected an assignment or function call and instead saw an expression.  @typescript-eslint/no-unused-expressions
4:24828  Warning: Expected an assignment or function call and instead saw an expression.  @typescript-eslint/no-unused-expressions
4:24875  Warning: Expected an assignment or function call and instead saw an expression.  @typescript-eslint/no-unused-expressions
4:25037  Warning: Expected an assignment or function call and instead saw an expression.  @typescript-eslint/no-unused-expressions
4:25384  Warning: Expected an assignment or function call and instead saw an expression.  @typescript-eslint/no-unused-expressions
4:26455  Warning: Expected an assignment or function call and instead saw an expression.  @typescript-eslint/no-unused-expressions
4:27388  Warning: Expected an assignment or function call and instead saw an expression.  @typescript-eslint/no-unused-expressions
4:27445  Warning: Expected an assignment or function call and instead saw an expression.  @typescript-eslint/no-unused-expressions
4:27510  Warning: Expected an assignment or function call and instead saw an expression.  @typescript-eslint/no-unused-expressions
4:27589  Warning: Expected an assignment or function call and instead saw an expression.  @typescript-eslint/no-unused-expressions
4:28103  Warning: Expected an assignment or function call and instead saw an expression.  @typescript-eslint/no-unused-expressions
4:29367  Warning: Expected an assignment or function call and instead saw an expression.  @typescript-eslint/no-unused-expressions
4:29981  Warning: Expected an assignment or function call and instead saw an expression.  @typescript-eslint/no-unused-expressions
4:30122  Warning: Expected an assignment or function call and instead saw an expression.  @typescript-eslint/no-unused-expressions
4:30136  Warning: Expected an assignment or function call and instead saw an expression.  @typescript-eslint/no-unused-expressions
4:34080  Warning: Expected an assignment or function call and instead saw an expression.  @typescript-eslint/no-unused-expressions
4:34162  Warning: Expected an assignment or function call and instead saw an expression.  @typescript-eslint/no-unused-expressions
4:34312  Warning: Expected an assignment or function call and instead saw an expression.  @typescript-eslint/no-unused-expressions
4:34506  Warning: Expected an assignment or function call and instead saw an expression.  @typescript-eslint/no-unused-expressions
4:34663  Warning: Expected an assignment or function call and instead saw an expression.  @typescript-eslint/no-unused-expressions
4:36081  Warning: 'e' is defined but never used.  @typescript-eslint/no-unused-vars
4:36178  Warning: Expected an assignment or function call and instead saw an expression.  @typescript-eslint/no-unused-expressions
4:36543  Warning: 'Pm' is assigned a value but never used.  @typescript-eslint/no-unused-vars
4:36575  Warning: 'vm' is assigned a value but never used.  @typescript-eslint/no-unused-vars
4:36597  Warning: 'Tm' is assigned a value but never used.  @typescript-eslint/no-unused-vars
4:36608  Warning: 'Am' is assigned a value but never used.  @typescript-eslint/no-unused-vars
4:36619  Warning: 'Rm' is assigned a value but never used.  @typescript-eslint/no-unused-vars
4:36630  Warning: 'Cm' is assigned a value but never used.  @typescript-eslint/no-unused-vars
4:36690  Warning: 'Sm' is assigned a value but never used.  @typescript-eslint/no-unused-vars
4:36714  Warning: 'Im' is assigned a value but never used.  @typescript-eslint/no-unused-vars
4:36738  Warning: 'Om' is assigned a value but never used.  @typescript-eslint/no-unused-vars
4:36750  Warning: 'km' is assigned a value but never used.  @typescript-eslint/no-unused-vars
4:36762  Warning: 'Dm' is assigned a value but never used.  @typescript-eslint/no-unused-vars
4:36774  Warning: 'Mm' is assigned a value but never used.  @typescript-eslint/no-unused-vars
4:36786  Warning: '_m' is assigned a value but never used.  @typescript-eslint/no-unused-vars
4:36798  Warning: 'Nm' is assigned a value but never used.  @typescript-eslint/no-unused-vars
4:36810  Warning: 'Fm' is assigned a value but never used.  @typescript-eslint/no-unused-vars
4:36822  Warning: 'Lm' is assigned a value but never used.  @typescript-eslint/no-unused-vars
4:36834  Warning: 'Um' is assigned a value but never used.  @typescript-eslint/no-unused-vars
4:37099  Warning: Expected an assignment or function call and instead saw an expression.  @typescript-eslint/no-unused-expressions
4:37720  Warning: 's' is assigned a value but never used.  @typescript-eslint/no-unused-vars
4:37876  Warning: Expected an assignment or function call and instead saw an expression.  @typescript-eslint/no-unused-expressions
4:39251  Warning: Expected an assignment or function call and instead saw an expression.  @typescript-eslint/no-unused-expressions
4:40287  Warning: Expected an assignment or function call and instead saw an expression.  @typescript-eslint/no-unused-expressions
4:40463  Warning: Expected an assignment or function call and instead saw an expression.  @typescript-eslint/no-unused-expressions
4:40579  Warning: Expected an assignment or function call and instead saw an expression.  @typescript-eslint/no-unused-expressions
4:40956  Warning: Expected an assignment or function call and instead saw an expression.  @typescript-eslint/no-unused-expressions
4:41316  Warning: Expected an assignment or function call and instead saw an expression.  @typescript-eslint/no-unused-expressions
4:41611  Warning: Expected an assignment or function call and instead saw an expression.  @typescript-eslint/no-unused-expressions
4:42003  Warning: Expected an assignment or function call and instead saw an expression.  @typescript-eslint/no-unused-expressions
4:45863  Error: Unexpected aliasing of 'this' to local variable.  @typescript-eslint/no-this-alias
4:46059  Error: Unexpected aliasing of 'this' to local variable.  @typescript-eslint/no-this-alias
4:46415  Error: Unexpected aliasing of 'this' to local variable.  @typescript-eslint/no-this-alias
4:46685  Error: Unexpected aliasing of 'this' to local variable.  @typescript-eslint/no-this-alias
4:47271  Warning: Expected an assignment or function call and instead saw an expression.  @typescript-eslint/no-unused-expressions
4:47285  Warning: Expected an assignment or function call and instead saw an expression.  @typescript-eslint/no-unused-expressions
4:47533  Warning: Expected an assignment or function call and instead saw an expression.  @typescript-eslint/no-unused-expressions
4:47672  Error: Unexpected aliasing of 'this' to local variable.  @typescript-eslint/no-this-alias
4:48050  Error: Unexpected aliasing of 'this' to local variable.  @typescript-eslint/no-this-alias
4:48150  Warning: Expected an assignment or function call and instead saw an expression.  @typescript-eslint/no-unused-expressions
4:48392  Warning: Expected an assignment or function call and instead saw an expression.  @typescript-eslint/no-unused-expressions
4:48535  Error: Unexpected aliasing of 'this' to local variable.  @typescript-eslint/no-this-alias
4:48722  Warning: Expected an assignment or function call and instead saw an expression.  @typescript-eslint/no-unused-expressions
4:48843  Warning: Expected an assignment or function call and instead saw an expression.  @typescript-eslint/no-unused-expressions
4:48996  Error: Unexpected aliasing of 'this' to local variable.  @typescript-eslint/no-this-alias
4:49215  Error: Unexpected aliasing of 'this' to local variable.  @typescript-eslint/no-this-alias
4:49547  Error: Unexpected aliasing of 'this' to local variable.  @typescript-eslint/no-this-alias
4:49851  Error: Unexpected aliasing of 'this' to local variable.  @typescript-eslint/no-this-alias
4:50145  Error: Unexpected aliasing of 'this' to local variable.  @typescript-eslint/no-this-alias
4:50513  Error: Unexpected aliasing of 'this' to local variable.  @typescript-eslint/no-this-alias
4:50854  Error: Unexpected aliasing of 'this' to local variable.  @typescript-eslint/no-this-alias
4:51930  Error: Unexpected aliasing of 'this' to local variable.  @typescript-eslint/no-this-alias
4:51995  Warning: Expected an assignment or function call and instead saw an expression.  @typescript-eslint/no-unused-expressions
4:52374  Warning: Expected an assignment or function call and instead saw an expression.  @typescript-eslint/no-unused-expressions
4:52527  Error: Unexpected aliasing of 'this' to local variable.  @typescript-eslint/no-this-alias
4:53270  Warning: Expected an assignment or function call and instead saw an expression.  @typescript-eslint/no-unused-expressions
4:53447  Error: Unexpected aliasing of 'this' to local variable.  @typescript-eslint/no-this-alias
4:53919  Error: Unexpected aliasing of 'this' to local variable.  @typescript-eslint/no-this-alias
4:54418  Warning: Expected an assignment or function call and instead saw an expression.  @typescript-eslint/no-unused-expressions
4:54585  Error: Unexpected aliasing of 'this' to local variable.  @typescript-eslint/no-this-alias
4:54724  Error: Unexpected aliasing of 'this' to local variable.  @typescript-eslint/no-this-alias
4:54816  Error: Unexpected aliasing of 'this' to local variable.  @typescript-eslint/no-this-alias
4:55085  Error: Unexpected aliasing of 'this' to local variable.  @typescript-eslint/no-this-alias
4:55610  Warning: Expected an assignment or function call and instead saw an expression.  @typescript-eslint/no-unused-expressions
4:55624  Warning: Expected an assignment or function call and instead saw an expression.  @typescript-eslint/no-unused-expressions
4:55770  Error: Unexpected aliasing of 'this' to local variable.  @typescript-eslint/no-this-alias
4:56076  Error: Unexpected aliasing of 'this' to local variable.  @typescript-eslint/no-this-alias
4:56370  Warning: Expected an assignment or function call and instead saw an expression.  @typescript-eslint/no-unused-expressions
4:56622  Error: Unexpected aliasing of 'this' to local variable.  @typescript-eslint/no-this-alias
4:56775  Error: Unexpected aliasing of 'this' to local variable.  @typescript-eslint/no-this-alias
4:56973  Error: Unexpected aliasing of 'this' to local variable.  @typescript-eslint/no-this-alias
4:57197  Error: Unexpected aliasing of 'this' to local variable.  @typescript-eslint/no-this-alias
4:57543  Warning: Expected an assignment or function call and instead saw an expression.  @typescript-eslint/no-unused-expressions
4:57882  Error: Unexpected aliasing of 'this' to local variable.  @typescript-eslint/no-this-alias
4:57945  Warning: Expected an assignment or function call and instead saw an expression.  @typescript-eslint/no-unused-expressions
4:58272  Error: Unexpected aliasing of 'this' to local variable.  @typescript-eslint/no-this-alias
4:59085  Error: Unexpected aliasing of 'this' to local variable.  @typescript-eslint/no-this-alias
4:59345  Error: Unexpected aliasing of 'this' to local variable.  @typescript-eslint/no-this-alias
4:59505  Error: Unexpected aliasing of 'this' to local variable.  @typescript-eslint/no-this-alias
4:59722  Error: Unexpected aliasing of 'this' to local variable.  @typescript-eslint/no-this-alias
4:59890  Warning: Expected an assignment or function call and instead saw an expression.  @typescript-eslint/no-unused-expressions
4:59932  Warning: Expected an assignment or function call and instead saw an expression.  @typescript-eslint/no-unused-expressions
4:60716  Warning: Expected an assignment or function call and instead saw an expression.  @typescript-eslint/no-unused-expressions
4:60850  Warning: Expected an assignment or function call and instead saw an expression.  @typescript-eslint/no-unused-expressions
4:61172  Warning: Expected an assignment or function call and instead saw an expression.  @typescript-eslint/no-unused-expressions
4:61381  Warning: Expected an assignment or function call and instead saw an expression.  @typescript-eslint/no-unused-expressions
4:61901  Warning: Expected an assignment or function call and instead saw an expression.  @typescript-eslint/no-unused-expressions
4:61983  Warning: Expected an assignment or function call and instead saw an expression.  @typescript-eslint/no-unused-expressions
4:62156  Warning: Expected an assignment or function call and instead saw an expression.  @typescript-eslint/no-unused-expressions
4:62210  Warning: Expected an assignment or function call and instead saw an expression.  @typescript-eslint/no-unused-expressions
4:62640  Warning: Expected an assignment or function call and instead saw an expression.  @typescript-eslint/no-unused-expressions
4:62664  Warning: Expected an assignment or function call and instead saw an expression.  @typescript-eslint/no-unused-expressions
4:62711  Warning: Expected an assignment or function call and instead saw an expression.  @typescript-eslint/no-unused-expressions
4:62894  Warning: Expected an assignment or function call and instead saw an expression.  @typescript-eslint/no-unused-expressions
4:63007  Warning: Expected an assignment or function call and instead saw an expression.  @typescript-eslint/no-unused-expressions
4:63081  Warning: Expected an assignment or function call and instead saw an expression.  @typescript-eslint/no-unused-expressions
4:63552  Warning: Expected an assignment or function call and instead saw an expression.  @typescript-eslint/no-unused-expressions
4:63622  Warning: Expected an assignment or function call and instead saw an expression.  @typescript-eslint/no-unused-expressions
4:64648  Warning: Expected an assignment or function call and instead saw an expression.  @typescript-eslint/no-unused-expressions
4:64693  Warning: Expected an assignment or function call and instead saw an expression.  @typescript-eslint/no-unused-expressions
4:64869  Warning: Expected an assignment or function call and instead saw an expression.  @typescript-eslint/no-unused-expressions
4:65143  Warning: Expected an assignment or function call and instead saw an expression.  @typescript-eslint/no-unused-expressions
4:65403  Warning: Expected an assignment or function call and instead saw an expression.  @typescript-eslint/no-unused-expressions
4:65837  Warning: Expected an assignment or function call and instead saw an expression.  @typescript-eslint/no-unused-expressions
4:65877  Warning: Expected an assignment or function call and instead saw an expression.  @typescript-eslint/no-unused-expressions
4:66317  Warning: Expected an assignment or function call and instead saw an expression.  @typescript-eslint/no-unused-expressions
4:66460  Warning: Expected an assignment or function call and instead saw an expression.  @typescript-eslint/no-unused-expressions
4:66890  Warning: Expected an assignment or function call and instead saw an expression.  @typescript-eslint/no-unused-expressions
4:66943  Warning: Expected an assignment or function call and instead saw an expression.  @typescript-eslint/no-unused-expressions
4:67048  Warning: Expected an assignment or function call and instead saw an expression.  @typescript-eslint/no-unused-expressions
4:67281  Warning: Expected an assignment or function call and instead saw an expression.  @typescript-eslint/no-unused-expressions
4:67803  Warning: Expected an assignment or function call and instead saw an expression.  @typescript-eslint/no-unused-expressions
4:67921  Warning: Expected an assignment or function call and instead saw an expression.  @typescript-eslint/no-unused-expressions
4:68270  Warning: Expected an assignment or function call and instead saw an expression.  @typescript-eslint/no-unused-expressions
4:68286  Warning: 'd' is assigned a value but never used.  @typescript-eslint/no-unused-vars
4:69281  Warning: Expected an assignment or function call and instead saw an expression.  @typescript-eslint/no-unused-expressions
4:69659  Warning: Expected an assignment or function call and instead saw an expression.  @typescript-eslint/no-unused-expressions
4:70159  Warning: Expected an assignment or function call and instead saw an expression.  @typescript-eslint/no-unused-expressions
4:71478  Error: Unexpected aliasing of 'this' to local variable.  @typescript-eslint/no-this-alias
4:71548  Warning: Expected an assignment or function call and instead saw an expression.  @typescript-eslint/no-unused-expressions
4:71726  Warning: Expected an assignment or function call and instead saw an expression.  @typescript-eslint/no-unused-expressions
4:71833  Warning: Expected an assignment or function call and instead saw an expression.  @typescript-eslint/no-unused-expressions
4:71939  Warning: Expected an assignment or function call and instead saw an expression.  @typescript-eslint/no-unused-expressions
4:72957  Warning: Expected an assignment or function call and instead saw an expression.  @typescript-eslint/no-unused-expressions
4:73254  Warning: Expected an assignment or function call and instead saw an expression.  @typescript-eslint/no-unused-expressions
4:73990  Warning: Expected an assignment or function call and instead saw an expression.  @typescript-eslint/no-unused-expressions
4:74134  Warning: Expected an assignment or function call and instead saw an expression.  @typescript-eslint/no-unused-expressions
4:74397  Warning: Expected an assignment or function call and instead saw an expression.  @typescript-eslint/no-unused-expressions
4:74476  Warning: Expected an assignment or function call and instead saw an expression.  @typescript-eslint/no-unused-expressions
4:76149  Warning: 'Mu' is assigned a value but never used.  @typescript-eslint/no-unused-vars
4:76897  Warning: Expected an assignment or function call and instead saw an expression.  @typescript-eslint/no-unused-expressions
4:76969  Warning: Expected an assignment or function call and instead saw an expression.  @typescript-eslint/no-unused-expressions
5:379  Warning: Expected an assignment or function call and instead saw an expression.  @typescript-eslint/no-unused-expressions
5:680  Warning: Expected an assignment or function call and instead saw an expression.  @typescript-eslint/no-unused-expressions
5:1463  Warning: Expected an assignment or function call and instead saw an expression.  @typescript-eslint/no-unused-expressions
5:2020  Warning: Expected an assignment or function call and instead saw an expression.  @typescript-eslint/no-unused-expressions
5:2120  Warning: Expected an assignment or function call and instead saw an expression.  @typescript-eslint/no-unused-expressions
6:743  Warning: Expected an assignment or function call and instead saw an expression.  @typescript-eslint/no-unused-expressions
6:1332  Warning: Expected an assignment or function call and instead saw an expression.  @typescript-eslint/no-unused-expressions
6:1445  Warning: Expected an assignment or function call and instead saw an expression.  @typescript-eslint/no-unused-expressions
6:2358  Error: Unexpected aliasing of 'this' to local variable.  @typescript-eslint/no-this-alias
6:3260  Warning: Expected an assignment or function call and instead saw an expression.  @typescript-eslint/no-unused-expressions
6:3354  Warning: Expected an assignment or function call and instead saw an expression.  @typescript-eslint/no-unused-expressions
6:3719  Warning: Expected an assignment or function call and instead saw an expression.  @typescript-eslint/no-unused-expressions
6:4868  Warning: Expected an assignment or function call and instead saw an expression.  @typescript-eslint/no-unused-expressions
6:5294  Warning: Expected an assignment or function call and instead saw an expression.  @typescript-eslint/no-unused-expressions
7:807  Warning: Expected an assignment or function call and instead saw an expression.  @typescript-eslint/no-unused-expressions
7:1129  Warning: Expected an assignment or function call and instead saw an expression.  @typescript-eslint/no-unused-expressions
7:1412  Warning: Expected an assignment or function call and instead saw an expression.  @typescript-eslint/no-unused-expressions
7:2157  Warning: Expected an assignment or function call and instead saw an expression.  @typescript-eslint/no-unused-expressions
7:2426  Warning: Expected an assignment or function call and instead saw an expression.  @typescript-eslint/no-unused-expressions
7:2741  Warning: Expected an assignment or function call and instead saw an expression.  @typescript-eslint/no-unused-expressions
7:4062  Warning: Expected an assignment or function call and instead saw an expression.  @typescript-eslint/no-unused-expressions
7:4411  Warning: Expected an assignment or function call and instead saw an expression.  @typescript-eslint/no-unused-expressions
7:4899  Warning: Expected an assignment or function call and instead saw an expression.  @typescript-eslint/no-unused-expressions
7:5293  Warning: Expected an assignment or function call and instead saw an expression.  @typescript-eslint/no-unused-expressions
7:5947  Warning: Expected an assignment or function call and instead saw an expression.  @typescript-eslint/no-unused-expressions
7:6581  Warning: Expected an assignment or function call and instead saw an expression.  @typescript-eslint/no-unused-expressions
7:6679  Warning: Expected an assignment or function call and instead saw an expression.  @typescript-eslint/no-unused-expressions
7:6792  Warning: Expected an assignment or function call and instead saw an expression.  @typescript-eslint/no-unused-expressions
7:6899  Warning: Expected an assignment or function call and instead saw an expression.  @typescript-eslint/no-unused-expressions
7:7555  Warning: Expected an assignment or function call and instead saw an expression.  @typescript-eslint/no-unused-expressions
7:8024  Warning: Expected an assignment or function call and instead saw an expression.  @typescript-eslint/no-unused-expressions
7:8168  Warning: Expected an assignment or function call and instead saw an expression.  @typescript-eslint/no-unused-expressions
7:8495  Warning: Expected an assignment or function call and instead saw an expression.  @typescript-eslint/no-unused-expressions
7:9306  Warning: Expected an assignment or function call and instead saw an expression.  @typescript-eslint/no-unused-expressions
8:7030  Warning: Expected an assignment or function call and instead saw an expression.  @typescript-eslint/no-unused-expressions
8:7295  Warning: Expected an assignment or function call and instead saw an expression.  @typescript-eslint/no-unused-expressions
8:8841  Warning: Expected an assignment or function call and instead saw an expression.  @typescript-eslint/no-unused-expressions
8:9767  Warning: Expected an assignment or function call and instead saw an expression.  @typescript-eslint/no-unused-expressions
8:9979  Warning: Expected an assignment or function call and instead saw an expression.  @typescript-eslint/no-unused-expressions
8:12843  Warning: Expected an assignment or function call and instead saw an expression.  @typescript-eslint/no-unused-expressions
8:13422  Warning: Expected an assignment or function call and instead saw an expression.  @typescript-eslint/no-unused-expressions
8:13627  Warning: Expected an assignment or function call and instead saw an expression.  @typescript-eslint/no-unused-expressions
8:13711  Warning: Expected an assignment or function call and instead saw an expression.  @typescript-eslint/no-unused-expressions
9:1258  Warning: Expected an assignment or function call and instead saw an expression.  @typescript-eslint/no-unused-expressions
9:1300  Warning: Expected an assignment or function call and instead saw an expression.  @typescript-eslint/no-unused-expressions
9:5015  Warning: Expected an assignment or function call and instead saw an expression.  @typescript-eslint/no-unused-expressions
9:5106  Warning: Expected an assignment or function call and instead saw an expression.  @typescript-eslint/no-unused-expressions
9:5132  Warning: Expected an assignment or function call and instead saw an expression.  @typescript-eslint/no-unused-expressions
9:7209  Warning: Expected an assignment or function call and instead saw an expression.  @typescript-eslint/no-unused-expressions
14:396  Warning: Expected an assignment or function call and instead saw an expression.  @typescript-eslint/no-unused-expressions
14:557  Warning: Expected an assignment or function call and instead saw an expression.  @typescript-eslint/no-unused-expressions
14:1543  Warning: Expected an assignment or function call and instead saw an expression.  @typescript-eslint/no-unused-expressions
14:1861  Warning: Expected an assignment or function call and instead saw an expression.  @typescript-eslint/no-unused-expressions
14:2175  Warning: Expected an assignment or function call and instead saw an expression.  @typescript-eslint/no-unused-expressions
14:3043  Warning: Expected an assignment or function call and instead saw an expression.  @typescript-eslint/no-unused-expressions
14:3533  Warning: Expected an assignment or function call and instead saw an expression.  @typescript-eslint/no-unused-expressions
14:3706  Warning: Expected an assignment or function call and instead saw an expression.  @typescript-eslint/no-unused-expressions
14:3915  Warning: Expected an assignment or function call and instead saw an expression.  @typescript-eslint/no-unused-expressions
14:5034  Warning: Expected an assignment or function call and instead saw an expression.  @typescript-eslint/no-unused-expressions
14:8291  Warning: Expected an assignment or function call and instead saw an expression.  @typescript-eslint/no-unused-expressions
15:1734  Warning: Expected an assignment or function call and instead saw an expression.  @typescript-eslint/no-unused-expressions
15:2110  Warning: Expected an assignment or function call and instead saw an expression.  @typescript-eslint/no-unused-expressions
15:2234  Warning: Expected an assignment or function call and instead saw an expression.  @typescript-eslint/no-unused-expressions
15:2627  Warning: Expected an assignment or function call and instead saw an expression.  @typescript-eslint/no-unused-expressions
15:3093  Warning: Expected an assignment or function call and instead saw an expression.  @typescript-eslint/no-unused-expressions
15:3660  Warning: Expected an assignment or function call and instead saw an expression.  @typescript-eslint/no-unused-expressions
15:4936  Warning: Expected an assignment or function call and instead saw an expression.  @typescript-eslint/no-unused-expressions
15:5801  Warning: Expected an assignment or function call and instead saw an expression.  @typescript-eslint/no-unused-expressions
15:6179  Warning: Expected an assignment or function call and instead saw an expression.  @typescript-eslint/no-unused-expressions
16:88  Warning: Expected an assignment or function call and instead saw an expression.  @typescript-eslint/no-unused-expressions
16:276  Warning: Expected an assignment or function call and instead saw an expression.  @typescript-eslint/no-unused-expressions
16:1604  Warning: 'a' is assigned a value but never used.  @typescript-eslint/no-unused-vars
16:1620  Warning: 'l' is assigned a value but never used.  @typescript-eslint/no-unused-vars
16:1635  Warning: 'd' is assigned a value but never used.  @typescript-eslint/no-unused-vars
16:1650  Warning: 'g' is assigned a value but never used.  @typescript-eslint/no-unused-vars
23:72  Warning: Expected an assignment or function call and instead saw an expression.  @typescript-eslint/no-unused-expressions
23:171  Warning: Expected an assignment or function call and instead saw an expression.  @typescript-eslint/no-unused-expressions
23:264  Warning: Expected an assignment or function call and instead saw an expression.  @typescript-eslint/no-unused-expressions
23:380  Warning: Expected an assignment or function call and instead saw an expression.  @typescript-eslint/no-unused-expressions
23:463  Warning: Expected an assignment or function call and instead saw an expression.  @typescript-eslint/no-unused-expressions
23:3533  Warning: Expected an assignment or function call and instead saw an expression.  @typescript-eslint/no-unused-expressions
23:3751  Warning: Expected an assignment or function call and instead saw an expression.  @typescript-eslint/no-unused-expressions
23:3836  Warning: Expected an assignment or function call and instead saw an expression.  @typescript-eslint/no-unused-expressions
23:4139  Warning: Expected an assignment or function call and instead saw an expression.  @typescript-eslint/no-unused-expressions
23:5302  Warning: Expected an assignment or function call and instead saw an expression.  @typescript-eslint/no-unused-expressions
23:8936  Warning: Expected an assignment or function call and instead saw an expression.  @typescript-eslint/no-unused-expressions
28:1875  Warning: Expected an assignment or function call and instead saw an expression.  @typescript-eslint/no-unused-expressions
28:3177  Warning: Expected an assignment or function call and instead saw an expression.  @typescript-eslint/no-unused-expressions
28:3310  Warning: Expected an assignment or function call and instead saw an expression.  @typescript-eslint/no-unused-expressions
28:3496  Warning: Expected an assignment or function call and instead saw an expression.  @typescript-eslint/no-unused-expressions
28:3695  Warning: Expected an assignment or function call and instead saw an expression.  @typescript-eslint/no-unused-expressions
32:151  Warning: Expected an assignment or function call and instead saw an expression.  @typescript-eslint/no-unused-expressions
32:200  Warning: Expected an assignment or function call and instead saw an expression.  @typescript-eslint/no-unused-expressions
32:257  Warning: Expected an assignment or function call and instead saw an expression.  @typescript-eslint/no-unused-expressions
32:296  Warning: Expected an assignment or function call and instead saw an expression.  @typescript-eslint/no-unused-expressions
32:368  Warning: Expected an assignment or function call and instead saw an expression.  @typescript-eslint/no-unused-expressions
32:903  Warning: Expected an assignment or function call and instead saw an expression.  @typescript-eslint/no-unused-expressions
32:994  Warning: Expected an assignment or function call and instead saw an expression.  @typescript-eslint/no-unused-expressions
32:1182  Warning: 'o' is assigned a value but never used.  @typescript-eslint/no-unused-vars
32:2062  Warning: Expected an assignment or function call and instead saw an expression.  @typescript-eslint/no-unused-expressions
32:2134  Warning: Expected an assignment or function call and instead saw an expression.  @typescript-eslint/no-unused-expressions
32:3984  Warning: Expected an assignment or function call and instead saw an expression.  @typescript-eslint/no-unused-expressions
32:8046  Warning: Expected an assignment or function call and instead saw an expression.  @typescript-eslint/no-unused-expressions
32:8415  Warning: Expected an assignment or function call and instead saw an expression.  @typescript-eslint/no-unused-expressions
32:9375  Warning: Expected an assignment or function call and instead saw an expression.  @typescript-eslint/no-unused-expressions
33:995  Warning: Expected an assignment or function call and instead saw an expression.  @typescript-eslint/no-unused-expressions

./src/generated/prisma/runtime/index-browser.d.ts
10:27  Error: Unexpected any. Specify a different type.  @typescript-eslint/no-explicit-any
15:51  Error: Unexpected any. Specify a different type.  @typescript-eslint/no-explicit-any
242:30  Error: Unexpected any. Specify a different type.  @typescript-eslint/no-explicit-any

./src/generated/prisma/runtime/index-browser.js
4:331  Warning: Expected an assignment or function call and instead saw an expression.  @typescript-eslint/no-unused-expressions
4:778  Warning: 'e' is defined but never used.  @typescript-eslint/no-unused-vars
4:848  Warning: Expected an assignment or function call and instead saw an expression.  @typescript-eslint/no-unused-expressions
4:5732  Error: Unexpected aliasing of 'this' to local variable.  @typescript-eslint/no-this-alias
4:5927  Error: Unexpected aliasing of 'this' to local variable.  @typescript-eslint/no-this-alias
4:6283  Error: Unexpected aliasing of 'this' to local variable.  @typescript-eslint/no-this-alias
4:6551  Error: Unexpected aliasing of 'this' to local variable.  @typescript-eslint/no-this-alias
4:7136  Warning: Expected an assignment or function call and instead saw an expression.  @typescript-eslint/no-unused-expressions
4:7150  Warning: Expected an assignment or function call and instead saw an expression.  @typescript-eslint/no-unused-expressions
4:7397  Warning: Expected an assignment or function call and instead saw an expression.  @typescript-eslint/no-unused-expressions
4:7536  Error: Unexpected aliasing of 'this' to local variable.  @typescript-eslint/no-this-alias
4:7914  Error: Unexpected aliasing of 'this' to local variable.  @typescript-eslint/no-this-alias
4:8014  Warning: Expected an assignment or function call and instead saw an expression.  @typescript-eslint/no-unused-expressions
4:8255  Warning: Expected an assignment or function call and instead saw an expression.  @typescript-eslint/no-unused-expressions
4:8398  Error: Unexpected aliasing of 'this' to local variable.  @typescript-eslint/no-this-alias
4:8584  Warning: Expected an assignment or function call and instead saw an expression.  @typescript-eslint/no-unused-expressions
4:8704  Warning: Expected an assignment or function call and instead saw an expression.  @typescript-eslint/no-unused-expressions
4:8857  Error: Unexpected aliasing of 'this' to local variable.  @typescript-eslint/no-this-alias
4:9076  Error: Unexpected aliasing of 'this' to local variable.  @typescript-eslint/no-this-alias
4:9406  Error: Unexpected aliasing of 'this' to local variable.  @typescript-eslint/no-this-alias
4:9710  Error: Unexpected aliasing of 'this' to local variable.  @typescript-eslint/no-this-alias
4:10004  Error: Unexpected aliasing of 'this' to local variable.  @typescript-eslint/no-this-alias
4:10372  Error: Unexpected aliasing of 'this' to local variable.  @typescript-eslint/no-this-alias
4:10712  Error: Unexpected aliasing of 'this' to local variable.  @typescript-eslint/no-this-alias
4:11785  Error: Unexpected aliasing of 'this' to local variable.  @typescript-eslint/no-this-alias
4:11850  Warning: Expected an assignment or function call and instead saw an expression.  @typescript-eslint/no-unused-expressions
4:12224  Warning: Expected an assignment or function call and instead saw an expression.  @typescript-eslint/no-unused-expressions
4:12376  Error: Unexpected aliasing of 'this' to local variable.  @typescript-eslint/no-this-alias
4:13116  Warning: Expected an assignment or function call and instead saw an expression.  @typescript-eslint/no-unused-expressions
4:13292  Error: Unexpected aliasing of 'this' to local variable.  @typescript-eslint/no-this-alias
4:13763  Error: Unexpected aliasing of 'this' to local variable.  @typescript-eslint/no-this-alias
4:14260  Warning: Expected an assignment or function call and instead saw an expression.  @typescript-eslint/no-unused-expressions
4:14425  Error: Unexpected aliasing of 'this' to local variable.  @typescript-eslint/no-this-alias
4:14563  Error: Unexpected aliasing of 'this' to local variable.  @typescript-eslint/no-this-alias
4:14655  Error: Unexpected aliasing of 'this' to local variable.  @typescript-eslint/no-this-alias
4:14923  Error: Unexpected aliasing of 'this' to local variable.  @typescript-eslint/no-this-alias
4:15447  Warning: Expected an assignment or function call and instead saw an expression.  @typescript-eslint/no-unused-expressions
4:15461  Warning: Expected an assignment or function call and instead saw an expression.  @typescript-eslint/no-unused-expressions
4:15607  Error: Unexpected aliasing of 'this' to local variable.  @typescript-eslint/no-this-alias
4:15911  Error: Unexpected aliasing of 'this' to local variable.  @typescript-eslint/no-this-alias
4:16203  Warning: Expected an assignment or function call and instead saw an expression.  @typescript-eslint/no-unused-expressions
4:16452  Error: Unexpected aliasing of 'this' to local variable.  @typescript-eslint/no-this-alias
4:16602  Error: Unexpected aliasing of 'this' to local variable.  @typescript-eslint/no-this-alias
4:16795  Error: Unexpected aliasing of 'this' to local variable.  @typescript-eslint/no-this-alias
4:17014  Error: Unexpected aliasing of 'this' to local variable.  @typescript-eslint/no-this-alias
4:17359  Warning: Expected an assignment or function call and instead saw an expression.  @typescript-eslint/no-unused-expressions
4:17698  Error: Unexpected aliasing of 'this' to local variable.  @typescript-eslint/no-this-alias
4:17761  Warning: Expected an assignment or function call and instead saw an expression.  @typescript-eslint/no-unused-expressions
4:18087  Error: Unexpected aliasing of 'this' to local variable.  @typescript-eslint/no-this-alias
4:18895  Error: Unexpected aliasing of 'this' to local variable.  @typescript-eslint/no-this-alias
4:19150  Error: Unexpected aliasing of 'this' to local variable.  @typescript-eslint/no-this-alias
4:19307  Error: Unexpected aliasing of 'this' to local variable.  @typescript-eslint/no-this-alias
4:19523  Error: Unexpected aliasing of 'this' to local variable.  @typescript-eslint/no-this-alias
4:19690  Warning: Expected an assignment or function call and instead saw an expression.  @typescript-eslint/no-unused-expressions
4:19731  Warning: Expected an assignment or function call and instead saw an expression.  @typescript-eslint/no-unused-expressions
4:20511  Warning: Expected an assignment or function call and instead saw an expression.  @typescript-eslint/no-unused-expressions
4:20645  Warning: Expected an assignment or function call and instead saw an expression.  @typescript-eslint/no-unused-expressions
4:20966  Warning: Expected an assignment or function call and instead saw an expression.  @typescript-eslint/no-unused-expressions
4:21175  Warning: Expected an assignment or function call and instead saw an expression.  @typescript-eslint/no-unused-expressions
4:21685  Warning: Expected an assignment or function call and instead saw an expression.  @typescript-eslint/no-unused-expressions
4:21765  Warning: Expected an assignment or function call and instead saw an expression.  @typescript-eslint/no-unused-expressions
4:21931  Warning: Expected an assignment or function call and instead saw an expression.  @typescript-eslint/no-unused-expressions
4:21983  Warning: Expected an assignment or function call and instead saw an expression.  @typescript-eslint/no-unused-expressions
4:22398  Warning: Expected an assignment or function call and instead saw an expression.  @typescript-eslint/no-unused-expressions
4:22422  Warning: Expected an assignment or function call and instead saw an expression.  @typescript-eslint/no-unused-expressions
4:22469  Warning: Expected an assignment or function call and instead saw an expression.  @typescript-eslint/no-unused-expressions
4:22652  Warning: Expected an assignment or function call and instead saw an expression.  @typescript-eslint/no-unused-expressions
4:22765  Warning: Expected an assignment or function call and instead saw an expression.  @typescript-eslint/no-unused-expressions
4:22839  Warning: Expected an assignment or function call and instead saw an expression.  @typescript-eslint/no-unused-expressions
4:23310  Warning: Expected an assignment or function call and instead saw an expression.  @typescript-eslint/no-unused-expressions
4:23378  Warning: Expected an assignment or function call and instead saw an expression.  @typescript-eslint/no-unused-expressions
4:24394  Warning: Expected an assignment or function call and instead saw an expression.  @typescript-eslint/no-unused-expressions
4:24439  Warning: Expected an assignment or function call and instead saw an expression.  @typescript-eslint/no-unused-expressions
4:24615  Warning: Expected an assignment or function call and instead saw an expression.  @typescript-eslint/no-unused-expressions
4:24889  Warning: Expected an assignment or function call and instead saw an expression.  @typescript-eslint/no-unused-expressions
4:25148  Warning: Expected an assignment or function call and instead saw an expression.  @typescript-eslint/no-unused-expressions
4:25581  Warning: Expected an assignment or function call and instead saw an expression.  @typescript-eslint/no-unused-expressions
4:25621  Warning: Expected an assignment or function call and instead saw an expression.  @typescript-eslint/no-unused-expressions
4:26059  Warning: Expected an assignment or function call and instead saw an expression.  @typescript-eslint/no-unused-expressions
4:26202  Warning: Expected an assignment or function call and instead saw an expression.  @typescript-eslint/no-unused-expressions
4:26632  Warning: Expected an assignment or function call and instead saw an expression.  @typescript-eslint/no-unused-expressions
4:26685  Warning: Expected an assignment or function call and instead saw an expression.  @typescript-eslint/no-unused-expressions
4:26790  Warning: Expected an assignment or function call and instead saw an expression.  @typescript-eslint/no-unused-expressions
4:27023  Warning: Expected an assignment or function call and instead saw an expression.  @typescript-eslint/no-unused-expressions
4:27541  Warning: Expected an assignment or function call and instead saw an expression.  @typescript-eslint/no-unused-expressions
4:27658  Warning: Expected an assignment or function call and instead saw an expression.  @typescript-eslint/no-unused-expressions
4:28006  Warning: Expected an assignment or function call and instead saw an expression.  @typescript-eslint/no-unused-expressions
4:28022  Warning: 'f' is assigned a value but never used.  @typescript-eslint/no-unused-vars
4:29007  Warning: Expected an assignment or function call and instead saw an expression.  @typescript-eslint/no-unused-expressions
4:29385  Warning: Expected an assignment or function call and instead saw an expression.  @typescript-eslint/no-unused-expressions
4:29885  Warning: Expected an assignment or function call and instead saw an expression.  @typescript-eslint/no-unused-expressions
4:31192  Error: Unexpected aliasing of 'this' to local variable.  @typescript-eslint/no-this-alias
4:31262  Warning: Expected an assignment or function call and instead saw an expression.  @typescript-eslint/no-unused-expressions
4:31440  Warning: Expected an assignment or function call and instead saw an expression.  @typescript-eslint/no-unused-expressions
4:31547  Warning: Expected an assignment or function call and instead saw an expression.  @typescript-eslint/no-unused-expressions
4:31653  Warning: Expected an assignment or function call and instead saw an expression.  @typescript-eslint/no-unused-expressions
4:32670  Warning: Expected an assignment or function call and instead saw an expression.  @typescript-eslint/no-unused-expressions
4:32967  Warning: Expected an assignment or function call and instead saw an expression.  @typescript-eslint/no-unused-expressions
4:33700  Warning: Expected an assignment or function call and instead saw an expression.  @typescript-eslint/no-unused-expressions
4:33844  Warning: Expected an assignment or function call and instead saw an expression.  @typescript-eslint/no-unused-expressions
4:34107  Warning: Expected an assignment or function call and instead saw an expression.  @typescript-eslint/no-unused-expressions
4:34186  Warning: Expected an assignment or function call and instead saw an expression.  @typescript-eslint/no-unused-expressions
4:34928  Warning: Expected an assignment or function call and instead saw an expression.  @typescript-eslint/no-unused-expressions

./src/generated/prisma/runtime/library.d.ts
64:100  Error: Unexpected any. Specify a different type.  @typescript-eslint/no-explicit-any
70:5  Error: The `{}` ("empty object") type allows any non-nullish value, including literals like `0` and `""`.
- If that's what you want, disable this lint rule with an inline comment or configure the 'allowObjectTypes' rule option.
- If you want a type meaning "any object", you probably want `object` instead.
- If you want a type meaning "any value", you probably want `unknown` instead.  @typescript-eslint/no-empty-object-type
85:27  Error: Unexpected any. Specify a different type.  @typescript-eslint/no-explicit-any
90:51  Error: Unexpected any. Specify a different type.  @typescript-eslint/no-explicit-any
144:79  Error: Unexpected any. Specify a different type.  @typescript-eslint/no-explicit-any
187:20  Error: Unexpected any. Specify a different type.  @typescript-eslint/no-explicit-any
191:74  Error: Unexpected any. Specify a different type.  @typescript-eslint/no-explicit-any
193:60  Error: Unexpected any. Specify a different type.  @typescript-eslint/no-explicit-any
194:63  Error: Unexpected any. Specify a different type.  @typescript-eslint/no-explicit-any
195:49  Error: Unexpected any. Specify a different type.  @typescript-eslint/no-explicit-any
201:15  Warning: 'ColumnTypeEnum' is defined but only used as a type.  @typescript-eslint/no-unused-vars
239:31  Error: The `{}` ("empty object") type allows any non-nullish value, including literals like `0` and `""`.
- If that's what you want, disable this lint rule with an inline comment or configure the 'allowObjectTypes' rule option.
- If you want a type meaning "any object", you probably want `object` instead.
- If you want a type meaning "any value", you probably want `unknown` instead.  @typescript-eslint/no-empty-object-type
263:44  Error: The `Function` type accepts any function-like value.
Prefer explicitly defining any function parameters and return type.  @typescript-eslint/no-unsafe-function-type
267:48  Error: The `Function` type accepts any function-like value.
Prefer explicitly defining any function parameters and return type.  @typescript-eslint/no-unsafe-function-type
346:34  Error: Unexpected any. Specify a different type.  @typescript-eslint/no-explicit-any
352:43  Error: Unexpected any. Specify a different type.  @typescript-eslint/no-explicit-any
353:44  Error: Unexpected any. Specify a different type.  @typescript-eslint/no-explicit-any
400:23  Error: Unexpected any. Specify a different type.  @typescript-eslint/no-explicit-any
401:16  Error: Unexpected any. Specify a different type.  @typescript-eslint/no-explicit-any
404:17  Error: The `{}` ("empty object") type allows any non-nullish value, including literals like `0` and `""`.
- If that's what you want, disable this lint rule with an inline comment or configure the 'allowObjectTypes' rule option.
- If you want a type meaning "any object", you probably want `object` instead.
- If you want a type meaning "any value", you probably want `unknown` instead.  @typescript-eslint/no-empty-object-type
417:18  Warning: 'debugCreate' is defined but only used as a type.  @typescript-eslint/no-unused-vars
417:61  Error: Unexpected any. Specify a different type.  @typescript-eslint/no-explicit-any
646:30  Error: Unexpected any. Specify a different type.  @typescript-eslint/no-explicit-any
706:48  Error: The `{}` ("empty object") type allows any non-nullish value, including literals like `0` and `""`.
- If that's what you want, disable this lint rule with an inline comment or configure the 'allowObjectTypes' rule option.
- If you want a type meaning "any object", you probably want `object` instead.
- If you want a type meaning "any value", you probably want `unknown` instead.  @typescript-eslint/no-empty-object-type
706:52  Error: The `{}` ("empty object") type allows any non-nullish value, including literals like `0` and `""`.
- If that's what you want, disable this lint rule with an inline comment or configure the 'allowObjectTypes' rule option.
- If you want a type meaning "any object", you probably want `object` instead.
- If you want a type meaning "any value", you probably want `unknown` instead.  @typescript-eslint/no-empty-object-type
706:56  Error: The `{}` ("empty object") type allows any non-nullish value, including literals like `0` and `""`.
- If that's what you want, disable this lint rule with an inline comment or configure the 'allowObjectTypes' rule option.
- If you want a type meaning "any object", you probably want `object` instead.
- If you want a type meaning "any value", you probably want `unknown` instead.  @typescript-eslint/no-empty-object-type
706:60  Error: The `{}` ("empty object") type allows any non-nullish value, including literals like `0` and `""`.
- If that's what you want, disable this lint rule with an inline comment or configure the 'allowObjectTypes' rule option.
- If you want a type meaning "any object", you probably want `object` instead.
- If you want a type meaning "any value", you probably want `unknown` instead.  @typescript-eslint/no-empty-object-type
708:79  Error: The `{}` ("empty object") type allows any non-nullish value, including literals like `0` and `""`.
- If that's what you want, disable this lint rule with an inline comment or configure the 'allowObjectTypes' rule option.
- If you want a type meaning "any object", you probably want `object` instead.
- If you want a type meaning "any value", you probably want `unknown` instead.  @typescript-eslint/no-empty-object-type
708:103  Error: The `{}` ("empty object") type allows any non-nullish value, including literals like `0` and `""`.
- If that's what you want, disable this lint rule with an inline comment or configure the 'allowObjectTypes' rule option.
- If you want a type meaning "any object", you probably want `object` instead.
- If you want a type meaning "any value", you probably want `unknown` instead.  @typescript-eslint/no-empty-object-type
720:15  Warning: 'denylist' is defined but only used as a type.  @typescript-eslint/no-unused-vars
749:11  Error: Unexpected any. Specify a different type.  @typescript-eslint/no-explicit-any
750:13  Error: Unexpected any. Specify a different type.  @typescript-eslint/no-explicit-any
861:143  Error: Unexpected any. Specify a different type.  @typescript-eslint/no-explicit-any
871:139  Error: Unexpected any. Specify a different type.  @typescript-eslint/no-explicit-any
885:146  Error: Unexpected any. Specify a different type.  @typescript-eslint/no-explicit-any
889:42  Error: Unexpected any. Specify a different type.  @typescript-eslint/no-explicit-any
902:142  Error: Unexpected any. Specify a different type.  @typescript-eslint/no-explicit-any
906:22  Error: The `{}` ("empty object") type allows any non-nullish value, including literals like `0` and `""`.
- If that's what you want, disable this lint rule with an inline comment or configure the 'allowObjectTypes' rule option.
- If you want a type meaning "any object", you probably want `object` instead.
- If you want a type meaning "any value", you probably want `unknown` instead.  @typescript-eslint/no-empty-object-type
939:130  Error: The `{}` ("empty object") type allows any non-nullish value, including literals like `0` and `""`.
- If that's what you want, disable this lint rule with an inline comment or configure the 'allowObjectTypes' rule option.
- If you want a type meaning "any object", you probably want `object` instead.
- If you want a type meaning "any value", you probably want `unknown` instead.  @typescript-eslint/no-empty-object-type
941:129  Error: Unexpected any. Specify a different type.  @typescript-eslint/no-explicit-any
958:15  Error: Unexpected any. Specify a different type.  @typescript-eslint/no-explicit-any
959:23  Error: Unexpected any. Specify a different type.  @typescript-eslint/no-explicit-any
959:45  Error: Unexpected any. Specify a different type.  @typescript-eslint/no-explicit-any
960:19  Error: Unexpected any. Specify a different type.  @typescript-eslint/no-explicit-any
985:97  Error: Unexpected any. Specify a different type.  @typescript-eslint/no-explicit-any
992:4  Error: The `{}` ("empty object") type allows any non-nullish value, including literals like `0` and `""`.
- If that's what you want, disable this lint rule with an inline comment or configure the 'allowObjectTypes' rule option.
- If you want a type meaning "any object", you probably want `object` instead.
- If you want a type meaning "any value", you probably want `unknown` instead.  @typescript-eslint/no-empty-object-type
1096:26  Error: Unexpected any. Specify a different type.  @typescript-eslint/no-explicit-any
1232:139  Error: Unexpected any. Specify a different type.  @typescript-eslint/no-explicit-any
1244:58  Error: The `{}` ("empty object") type allows any non-nullish value, including literals like `0` and `""`.
- If that's what you want, disable this lint rule with an inline comment or configure the 'allowObjectTypes' rule option.
- If you want a type meaning "any object", you probably want `object` instead.
- If you want a type meaning "any value", you probably want `unknown` instead.  @typescript-eslint/no-empty-object-type
1258:26  Error: Unexpected any. Specify a different type.  @typescript-eslint/no-explicit-any
1321:18  Error: The `{}` ("empty object") type allows any non-nullish value, including literals like `0` and `""`.
- If that's what you want, disable this lint rule with an inline comment or configure the 'allowObjectTypes' rule option.
- If you want a type meaning "any object", you probably want `object` instead.
- If you want a type meaning "any value", you probably want `unknown` instead.  @typescript-eslint/no-empty-object-type
1475:18  Warning: 'getBatchRequestPayload' is defined but only used as a type.  @typescript-eslint/no-unused-vars
1487:97  Error: Unexpected any. Specify a different type.  @typescript-eslint/no-explicit-any
1492:622  Error: The `{}` ("empty object") type allows any non-nullish value, including literals like `0` and `""`.
- If that's what you want, disable this lint rule with an inline comment or configure the 'allowObjectTypes' rule option.
- If you want a type meaning "any object", you probably want `object` instead.
- If you want a type meaning "any value", you probably want `unknown` instead.  @typescript-eslint/no-empty-object-type
1492:761  Error: The `{}` ("empty object") type allows any non-nullish value, including literals like `0` and `""`.
- If that's what you want, disable this lint rule with an inline comment or configure the 'allowObjectTypes' rule option.
- If you want a type meaning "any object", you probably want `object` instead.
- If you want a type meaning "any value", you probably want `unknown` instead.  @typescript-eslint/no-empty-object-type
1498:14  Error: Unexpected any. Specify a different type.  @typescript-eslint/no-explicit-any
1511:6  Error: The `{}` ("empty object") type allows any non-nullish value, including literals like `0` and `""`.
- If that's what you want, disable this lint rule with an inline comment or configure the 'allowObjectTypes' rule option.
- If you want a type meaning "any object", you probably want `object` instead.
- If you want a type meaning "any value", you probably want `unknown` instead.  @typescript-eslint/no-empty-object-type
1517:58  Error: Unexpected any. Specify a different type.  @typescript-eslint/no-explicit-any
1517:63  Error: Unexpected any. Specify a different type.  @typescript-eslint/no-explicit-any
1523:28  Error: Unexpected any. Specify a different type.  @typescript-eslint/no-explicit-any
1529:26  Error: Unexpected any. Specify a different type.  @typescript-eslint/no-explicit-any
1532:38  Error: Unexpected any. Specify a different type.  @typescript-eslint/no-explicit-any
1533:41  Error: Unexpected any. Specify a different type.  @typescript-eslint/no-explicit-any
1551:25  Error: Unexpected any. Specify a different type.  @typescript-eslint/no-explicit-any
1553:85  Error: Unexpected any. Specify a different type.  @typescript-eslint/no-explicit-any
1571:67  Error: Unexpected any. Specify a different type.  @typescript-eslint/no-explicit-any
1571:100  Error: Unexpected any. Specify a different type.  @typescript-eslint/no-explicit-any
1580:91  Error: Unexpected any. Specify a different type.  @typescript-eslint/no-explicit-any
1587:89  Error: Unexpected any. Specify a different type.  @typescript-eslint/no-explicit-any
1591:192  Error: Unexpected any. Specify a different type.  @typescript-eslint/no-explicit-any
1600:65  Error: Unexpected any. Specify a different type.  @typescript-eslint/no-explicit-any
1600:98  Error: Unexpected any. Specify a different type.  @typescript-eslint/no-explicit-any
1605:77  Error: Unexpected any. Specify a different type.  @typescript-eslint/no-explicit-any
1614:89  Error: Unexpected any. Specify a different type.  @typescript-eslint/no-explicit-any
1621:45  Error: Unexpected any. Specify a different type.  @typescript-eslint/no-explicit-any
1623:21  Error: Unexpected any. Specify a different type.  @typescript-eslint/no-explicit-any
1641:29  Error: Unexpected any. Specify a different type.  @typescript-eslint/no-explicit-any
1641:44  Error: Unexpected any. Specify a different type.  @typescript-eslint/no-explicit-any
1641:58  Error: Unexpected any. Specify a different type.  @typescript-eslint/no-explicit-any
1647:66  Error: Unexpected any. Specify a different type.  @typescript-eslint/no-explicit-any
1648:189  Error: Unexpected any. Specify a different type.  @typescript-eslint/no-explicit-any
1740:146  Error: The `{}` ("empty object") type allows any non-nullish value, including literals like `0` and `""`.
- If that's what you want, disable this lint rule with an inline comment or configure the 'allowObjectTypes' rule option.
- If you want a type meaning "any object", you probably want `object` instead.
- If you want a type meaning "any value", you probably want `unknown` instead.  @typescript-eslint/no-empty-object-type
1776:51  Error: Unexpected any. Specify a different type.  @typescript-eslint/no-explicit-any
1776:56  Error: Unexpected any. Specify a different type.  @typescript-eslint/no-explicit-any
1788:12  Error: Unexpected any. Specify a different type.  @typescript-eslint/no-explicit-any
1844:26  Error: An interface declaring no members is equivalent to its supertype.  @typescript-eslint/no-empty-object-type
1976:21  Error: Unexpected any. Specify a different type.  @typescript-eslint/no-explicit-any
1977:20  Error: Unexpected any. Specify a different type.  @typescript-eslint/no-explicit-any
1978:14  Error: Unexpected any. Specify a different type.  @typescript-eslint/no-explicit-any
2012:26  Error: An interface declaring no members is equivalent to its supertype.  @typescript-eslint/no-empty-object-type
2160:73  Error: Unexpected any. Specify a different type.  @typescript-eslint/no-explicit-any
2160:92  Error: Unexpected any. Specify a different type.  @typescript-eslint/no-explicit-any
2181:21  Error: The `{}` ("empty object") type allows any non-nullish value, including literals like `0` and `""`.
- If that's what you want, disable this lint rule with an inline comment or configure the 'allowObjectTypes' rule option.
- If you want a type meaning "any object", you probably want `object` instead.
- If you want a type meaning "any value", you probably want `unknown` instead.  @typescript-eslint/no-empty-object-type
2190:21  Error: The `{}` ("empty object") type allows any non-nullish value, including literals like `0` and `""`.
- If that's what you want, disable this lint rule with an inline comment or configure the 'allowObjectTypes' rule option.
- If you want a type meaning "any object", you probably want `object` instead.
- If you want a type meaning "any value", you probably want `unknown` instead.  @typescript-eslint/no-empty-object-type
2199:21  Error: The `{}` ("empty object") type allows any non-nullish value, including literals like `0` and `""`.
- If that's what you want, disable this lint rule with an inline comment or configure the 'allowObjectTypes' rule option.
- If you want a type meaning "any object", you probably want `object` instead.
- If you want a type meaning "any value", you probably want `unknown` instead.  @typescript-eslint/no-empty-object-type
2300:67  Error: Unexpected any. Specify a different type.  @typescript-eslint/no-explicit-any
2304:85  Error: Unexpected any. Specify a different type.  @typescript-eslint/no-explicit-any
2304:90  Error: Unexpected any. Specify a different type.  @typescript-eslint/no-explicit-any
2304:116  Error: Unexpected any. Specify a different type.  @typescript-eslint/no-explicit-any
2304:121  Error: Unexpected any. Specify a different type.  @typescript-eslint/no-explicit-any
2441:86  Error: Unexpected any. Specify a different type.  @typescript-eslint/no-explicit-any
2460:34  Error: The `Function` type accepts any function-like value.
Prefer explicitly defining any function parameters and return type.  @typescript-eslint/no-unsafe-function-type
2494:15  Warning: 'officialPrismaAdapters' is defined but only used as a type.  @typescript-eslint/no-unused-vars
2520:49  Error: Unexpected any. Specify a different type.  @typescript-eslint/no-explicit-any
2531:23  Error: The `{}` ("empty object") type allows any non-nullish value, including literals like `0` and `""`.
- If that's what you want, disable this lint rule with an inline comment or configure the 'allowObjectTypes' rule option.
- If you want a type meaning "any object", you probably want `object` instead.
- If you want a type meaning "any value", you probably want `unknown` instead.  @typescript-eslint/no-empty-object-type
2578:31  Warning: '$Type' is defined but never used.  @typescript-eslint/no-unused-vars
2586:32  Warning: 'F' is defined but never used.  @typescript-eslint/no-unused-vars
2589:22  Error: Unexpected any. Specify a different type.  @typescript-eslint/no-explicit-any
2592:37  Error: Unexpected any. Specify a different type.  @typescript-eslint/no-explicit-any
2594:59  Error: Unexpected any. Specify a different type.  @typescript-eslint/no-explicit-any
2594:64  Error: Unexpected any. Specify a different type.  @typescript-eslint/no-explicit-any
2595:38  Error: Unexpected any. Specify a different type.  @typescript-eslint/no-explicit-any
2707:18  Warning: 'prismaGraphQLToJSError' is defined but only used as a type.  @typescript-eslint/no-unused-vars
2724:89  Error: Unexpected any. Specify a different type.  @typescript-eslint/no-explicit-any
2738:45  Error: Unexpected any. Specify a different type.  @typescript-eslint/no-explicit-any
2839:31  Error: The `{}` ("empty object") type allows any non-nullish value, including literals like `0` and `""`.
- If that's what you want, disable this lint rule with an inline comment or configure the 'allowObjectTypes' rule option.
- If you want a type meaning "any object", you probably want `object` instead.
- If you want a type meaning "any value", you probably want `unknown` instead.  @typescript-eslint/no-empty-object-type
2906:16  Error: Prefer using the primitive `object` as a type name, rather than the upper-cased `Object`.  @typescript-eslint/no-wrapper-object-types
2945:76  Error: Unexpected any. Specify a different type.  @typescript-eslint/no-explicit-any
3155:45  Error: Unexpected any. Specify a different type.  @typescript-eslint/no-explicit-any
3156:97  Error: Unexpected any. Specify a different type.  @typescript-eslint/no-explicit-any
3156:104  Error: Unexpected any. Specify a different type.  @typescript-eslint/no-explicit-any
3163:30  Error: Unexpected any. Specify a different type.  @typescript-eslint/no-explicit-any
3163:36  Error: Unexpected any. Specify a different type.  @typescript-eslint/no-explicit-any
3164:69  Error: Unexpected any. Specify a different type.  @typescript-eslint/no-explicit-any
3185:12  Error: Unexpected any. Specify a different type.  @typescript-eslint/no-explicit-any
3199:23  Error: The `{}` ("empty object") type allows any non-nullish value, including literals like `0` and `""`.
- If that's what you want, disable this lint rule with an inline comment or configure the 'allowObjectTypes' rule option.
- If you want a type meaning "any object", you probably want `object` instead.
- If you want a type meaning "any value", you probably want `unknown` instead.  @typescript-eslint/no-empty-object-type
3202:18  Warning: 'resolveDatasourceUrl' is defined but only used as a type.  @typescript-eslint/no-unused-vars
3212:22  Error: Unexpected any. Specify a different type.  @typescript-eslint/no-explicit-any
3216:17  Error: The `{}` ("empty object") type allows any non-nullish value, including literals like `0` and `""`.
- If that's what you want, disable this lint rule with an inline comment or configure the 'allowObjectTypes' rule option.
- If you want a type meaning "any object", you probably want `object` instead.
- If you want a type meaning "any value", you probably want `unknown` instead.  @typescript-eslint/no-empty-object-type
3217:14  Error: The `{}` ("empty object") type allows any non-nullish value, including literals like `0` and `""`.
- If that's what you want, disable this lint rule with an inline comment or configure the 'allowObjectTypes' rule option.
- If you want a type meaning "any object", you probably want `object` instead.
- If you want a type meaning "any value", you probably want `unknown` instead.  @typescript-eslint/no-empty-object-type
3218:14  Error: The `{}` ("empty object") type allows any non-nullish value, including literals like `0` and `""`.
- If that's what you want, disable this lint rule with an inline comment or configure the 'allowObjectTypes' rule option.
- If you want a type meaning "any object", you probably want `object` instead.
- If you want a type meaning "any value", you probably want `unknown` instead.  @typescript-eslint/no-empty-object-type
3220:4  Error: The `{}` ("empty object") type allows any non-nullish value, including literals like `0` and `""`.
- If that's what you want, disable this lint rule with an inline comment or configure the 'allowObjectTypes' rule option.
- If you want a type meaning "any object", you probably want `object` instead.
- If you want a type meaning "any value", you probably want `unknown` instead.  @typescript-eslint/no-empty-object-type
3265:54  Error: Unexpected any. Specify a different type.  @typescript-eslint/no-explicit-any
3287:53  Error: Unexpected any. Specify a different type.  @typescript-eslint/no-explicit-any
3357:67  Error: Unexpected any. Specify a different type.  @typescript-eslint/no-explicit-any
3357:72  Error: Unexpected any. Specify a different type.  @typescript-eslint/no-explicit-any
3358:24  Error: Unexpected any. Specify a different type.  @typescript-eslint/no-explicit-any
3360:27  Error: Unexpected any. Specify a different type.  @typescript-eslint/no-explicit-any
3688:19  Error: An interface declaring no members is equivalent to its supertype.  @typescript-eslint/no-empty-object-type
3725:44  Error: Unexpected any. Specify a different type.  @typescript-eslint/no-explicit-any
3825:41  Error: Unexpected any. Specify a different type.  @typescript-eslint/no-explicit-any
3825:46  Error: Unexpected any. Specify a different type.  @typescript-eslint/no-explicit-any
3861:32  Error: Unexpected any. Specify a different type.  @typescript-eslint/no-explicit-any
3861:40  Error: Unexpected any. Specify a different type.  @typescript-eslint/no-explicit-any
3863:40  Error: The `{}` ("empty object") type allows any non-nullish value, including literals like `0` and `""`.
- If that's what you want, disable this lint rule with an inline comment or configure the 'allowObjectTypes' rule option.
- If you want a type meaning "any object", you probably want `object` instead.
- If you want a type meaning "any value", you probably want `unknown` instead.  @typescript-eslint/no-empty-object-type
3882:27  Error: Unexpected any. Specify a different type.  @typescript-eslint/no-explicit-any
3972:52  Error: Unexpected any. Specify a different type.  @typescript-eslint/no-explicit-any

./src/generated/prisma/runtime/library.js
4:441  Warning: Expected an assignment or function call and instead saw an expression.  @typescript-eslint/no-unused-expressions
4:907  Error: A `require()` style import is forbidden.  @typescript-eslint/no-require-imports
4:929  Error: A `require()` style import is forbidden.  @typescript-eslint/no-require-imports
4:976  Warning: Expected an assignment or function call and instead saw an expression.  @typescript-eslint/no-unused-expressions
4:1125  Warning: Expected an assignment or function call and instead saw an expression.  @typescript-eslint/no-unused-expressions
4:8652  Error: A `require()` style import is forbidden.  @typescript-eslint/no-require-imports
4:8674  Error: A `require()` style import is forbidden.  @typescript-eslint/no-require-imports
4:8698  Error: A `require()` style import is forbidden.  @typescript-eslint/no-require-imports
4:8720  Error: A `require()` style import is forbidden.  @typescript-eslint/no-require-imports
5:82  Warning: Expected an assignment or function call and instead saw an expression.  @typescript-eslint/no-unused-expressions
6:1542  Warning: Expected an assignment or function call and instead saw an expression.  @typescript-eslint/no-unused-expressions
6:1818  Warning: Expected an assignment or function call and instead saw an expression.  @typescript-eslint/no-unused-expressions
6:2071  Warning: Expected an assignment or function call and instead saw an expression.  @typescript-eslint/no-unused-expressions
6:2370  Warning: Expected an assignment or function call and instead saw an expression.  @typescript-eslint/no-unused-expressions
6:3625  Warning: Expected an assignment or function call and instead saw an expression.  @typescript-eslint/no-unused-expressions
6:4954  Warning: Expected an assignment or function call and instead saw an expression.  @typescript-eslint/no-unused-expressions
6:5036  Warning: Expected an assignment or function call and instead saw an expression.  @typescript-eslint/no-unused-expressions
6:5186  Warning: Expected an assignment or function call and instead saw an expression.  @typescript-eslint/no-unused-expressions
6:5380  Warning: Expected an assignment or function call and instead saw an expression.  @typescript-eslint/no-unused-expressions
6:5537  Warning: Expected an assignment or function call and instead saw an expression.  @typescript-eslint/no-unused-expressions
6:6556  Warning: 'e' is defined but never used.  @typescript-eslint/no-unused-vars
6:6982  Warning: Expected an assignment or function call and instead saw an expression.  @typescript-eslint/no-unused-expressions
6:7917  Warning: Expected an assignment or function call and instead saw an expression.  @typescript-eslint/no-unused-expressions
6:8694  Warning: Expected an assignment or function call and instead saw an expression.  @typescript-eslint/no-unused-expressions
7:80  Error: A `require()` style import is forbidden.  @typescript-eslint/no-require-imports
7:1374  Error: A `require()` style import is forbidden.  @typescript-eslint/no-require-imports
7:1410  Error: A `require()` style import is forbidden.  @typescript-eslint/no-require-imports
7:1444  Error: A `require()` style import is forbidden.  @typescript-eslint/no-require-imports
7:1890  Warning: Expected an assignment or function call and instead saw an expression.  @typescript-eslint/no-unused-expressions
7:3968  Warning: 'eg' is assigned a value but never used.  @typescript-eslint/no-unused-vars
7:3985  Warning: 'e' is defined but never used.  @typescript-eslint/no-unused-vars
7:4472  Warning: 'rg' is assigned a value but never used.  @typescript-eslint/no-unused-vars
7:4920  Warning: 'tg' is assigned a value but never used.  @typescript-eslint/no-unused-vars
7:5266  Warning: 'ng' is assigned a value but never used.  @typescript-eslint/no-unused-vars
7:5279  Warning: 'ig' is assigned a value but never used.  @typescript-eslint/no-unused-vars
7:5329  Warning: 'og' is assigned a value but never used.  @typescript-eslint/no-unused-vars
7:5378  Warning: 'sg' is assigned a value but never used.  @typescript-eslint/no-unused-vars
7:5416  Warning: 'ag' is assigned a value but never used.  @typescript-eslint/no-unused-vars
7:5536  Warning: Expected an assignment or function call and instead saw an expression.  @typescript-eslint/no-unused-expressions
7:5728  Warning: Expected an assignment or function call and instead saw an expression.  @typescript-eslint/no-unused-expressions
7:5866  Warning: Expected an assignment or function call and instead saw an expression.  @typescript-eslint/no-unused-expressions
7:5980  Warning: Expected an assignment or function call and instead saw an expression.  @typescript-eslint/no-unused-expressions
7:6496  Error: A `require()` style import is forbidden.  @typescript-eslint/no-require-imports
7:6620  Warning: Expected an assignment or function call and instead saw an expression.  @typescript-eslint/no-unused-expressions
8:2359  Warning: 'e' is assigned a value but never used.  @typescript-eslint/no-unused-vars
8:2660  Warning: Expected an assignment or function call and instead saw an expression.  @typescript-eslint/no-unused-expressions
9:1802  Error: A `require()` style import is forbidden.  @typescript-eslint/no-require-imports
9:1873  Warning: 'gg' is assigned a value but never used.  @typescript-eslint/no-unused-vars
9:1920  Warning: 'hg' is assigned a value but never used.  @typescript-eslint/no-unused-vars
9:1966  Warning: 'yg' is assigned a value but never used.  @typescript-eslint/no-unused-vars
9:2009  Warning: 'bg' is assigned a value but never used.  @typescript-eslint/no-unused-vars
9:2060  Warning: 'Eg' is assigned a value but never used.  @typescript-eslint/no-unused-vars
9:2119  Warning: 'wg' is assigned a value but never used.  @typescript-eslint/no-unused-vars
9:2192  Warning: 'xg' is assigned a value but never used.  @typescript-eslint/no-unused-vars
9:2283  Warning: 'vg' is assigned a value but never used.  @typescript-eslint/no-unused-vars
9:2368  Warning: 'Pg' is assigned a value but never used.  @typescript-eslint/no-unused-vars
9:2504  Warning: 'Tg' is assigned a value but never used.  @typescript-eslint/no-unused-vars
9:2663  Warning: 'Sg' is assigned a value but never used.  @typescript-eslint/no-unused-vars
9:2763  Warning: 'Rg' is assigned a value but never used.  @typescript-eslint/no-unused-vars
9:2936  Warning: 'Ag' is assigned a value but never used.  @typescript-eslint/no-unused-vars
9:3092  Warning: 'Cg' is assigned a value but never used.  @typescript-eslint/no-unused-vars
9:7112  Warning: 'Wc' is assigned a value but never used.  @typescript-eslint/no-unused-vars
9:7131  Error: A `require()` style import is forbidden.  @typescript-eslint/no-require-imports
9:7153  Warning: 'Jc' is assigned a value but never used.  @typescript-eslint/no-unused-vars
9:7164  Warning: 'wh' is assigned a value but never used.  @typescript-eslint/no-unused-vars
9:7244  Warning: 'xh' is assigned a value but never used.  @typescript-eslint/no-unused-vars
9:8926  Error: A `require()` style import is forbidden.  @typescript-eslint/no-require-imports
9:9160  Warning: Expected an assignment or function call and instead saw an expression.  @typescript-eslint/no-unused-expressions
14:79  Warning: Expected an assignment or function call and instead saw an expression.  @typescript-eslint/no-unused-expressions
15:462  Warning: Expected an assignment or function call and instead saw an expression.  @typescript-eslint/no-unused-expressions
15:1328  Error: A `require()` style import is forbidden.  @typescript-eslint/no-require-imports
15:1483  Error: A `require()` style import is forbidden.  @typescript-eslint/no-require-imports
15:1512  Error: A `require()` style import is forbidden.  @typescript-eslint/no-require-imports
15:1739  Warning: Expected an assignment or function call and instead saw an expression.  @typescript-eslint/no-unused-expressions
15:1785  Warning: Expected an assignment or function call and instead saw an expression.  @typescript-eslint/no-unused-expressions
15:2159  Warning: Expected an assignment or function call and instead saw an expression.  @typescript-eslint/no-unused-expressions
16:242  Warning: Expected an assignment or function call and instead saw an expression.  @typescript-eslint/no-unused-expressions
24:743  Warning: Expected an assignment or function call and instead saw an expression.  @typescript-eslint/no-unused-expressions
24:879  Warning: Expected an assignment or function call and instead saw an expression.  @typescript-eslint/no-unused-expressions
24:995  Warning: Expected an assignment or function call and instead saw an expression.  @typescript-eslint/no-unused-expressions
24:1351  Warning: Expected an assignment or function call and instead saw an expression.  @typescript-eslint/no-unused-expressions
24:1690  Warning: Expected an assignment or function call and instead saw an expression.  @typescript-eslint/no-unused-expressions
24:1964  Warning: Expected an assignment or function call and instead saw an expression.  @typescript-eslint/no-unused-expressions
24:2335  Warning: Expected an assignment or function call and instead saw an expression.  @typescript-eslint/no-unused-expressions
24:5994  Error: Unexpected aliasing of 'this' to local variable.  @typescript-eslint/no-this-alias
24:6190  Error: Unexpected aliasing of 'this' to local variable.  @typescript-eslint/no-this-alias
24:6546  Error: Unexpected aliasing of 'this' to local variable.  @typescript-eslint/no-this-alias
24:6816  Error: Unexpected aliasing of 'this' to local variable.  @typescript-eslint/no-this-alias
24:7401  Warning: Expected an assignment or function call and instead saw an expression.  @typescript-eslint/no-unused-expressions
24:7415  Warning: Expected an assignment or function call and instead saw an expression.  @typescript-eslint/no-unused-expressions
24:7662  Warning: Expected an assignment or function call and instead saw an expression.  @typescript-eslint/no-unused-expressions
24:7801  Error: Unexpected aliasing of 'this' to local variable.  @typescript-eslint/no-this-alias
24:8179  Error: Unexpected aliasing of 'this' to local variable.  @typescript-eslint/no-this-alias
24:8279  Warning: Expected an assignment or function call and instead saw an expression.  @typescript-eslint/no-unused-expressions
24:8521  Warning: Expected an assignment or function call and instead saw an expression.  @typescript-eslint/no-unused-expressions
24:8664  Error: Unexpected aliasing of 'this' to local variable.  @typescript-eslint/no-this-alias
24:8851  Warning: Expected an assignment or function call and instead saw an expression.  @typescript-eslint/no-unused-expressions
24:8972  Warning: Expected an assignment or function call and instead saw an expression.  @typescript-eslint/no-unused-expressions
24:9125  Error: Unexpected aliasing of 'this' to local variable.  @typescript-eslint/no-this-alias
24:9344  Error: Unexpected aliasing of 'this' to local variable.  @typescript-eslint/no-this-alias
24:9676  Error: Unexpected aliasing of 'this' to local variable.  @typescript-eslint/no-this-alias
24:9980  Error: Unexpected aliasing of 'this' to local variable.  @typescript-eslint/no-this-alias
24:10274  Error: Unexpected aliasing of 'this' to local variable.  @typescript-eslint/no-this-alias
24:10642  Error: Unexpected aliasing of 'this' to local variable.  @typescript-eslint/no-this-alias
24:10983  Error: Unexpected aliasing of 'this' to local variable.  @typescript-eslint/no-this-alias
24:12058  Error: Unexpected aliasing of 'this' to local variable.  @typescript-eslint/no-this-alias
24:12123  Warning: Expected an assignment or function call and instead saw an expression.  @typescript-eslint/no-unused-expressions
24:12502  Warning: Expected an assignment or function call and instead saw an expression.  @typescript-eslint/no-unused-expressions
24:12655  Error: Unexpected aliasing of 'this' to local variable.  @typescript-eslint/no-this-alias
24:13396  Warning: Expected an assignment or function call and instead saw an expression.  @typescript-eslint/no-unused-expressions
24:13573  Error: Unexpected aliasing of 'this' to local variable.  @typescript-eslint/no-this-alias
24:14045  Error: Unexpected aliasing of 'this' to local variable.  @typescript-eslint/no-this-alias
24:14542  Warning: Expected an assignment or function call and instead saw an expression.  @typescript-eslint/no-unused-expressions
24:14709  Error: Unexpected aliasing of 'this' to local variable.  @typescript-eslint/no-this-alias
24:14848  Error: Unexpected aliasing of 'this' to local variable.  @typescript-eslint/no-this-alias
24:14940  Error: Unexpected aliasing of 'this' to local variable.  @typescript-eslint/no-this-alias
24:15209  Error: Unexpected aliasing of 'this' to local variable.  @typescript-eslint/no-this-alias
24:15733  Warning: Expected an assignment or function call and instead saw an expression.  @typescript-eslint/no-unused-expressions
24:15747  Warning: Expected an assignment or function call and instead saw an expression.  @typescript-eslint/no-unused-expressions
24:15893  Error: Unexpected aliasing of 'this' to local variable.  @typescript-eslint/no-this-alias
24:16199  Error: Unexpected aliasing of 'this' to local variable.  @typescript-eslint/no-this-alias
24:16491  Warning: Expected an assignment or function call and instead saw an expression.  @typescript-eslint/no-unused-expressions
24:16743  Error: Unexpected aliasing of 'this' to local variable.  @typescript-eslint/no-this-alias
24:16896  Error: Unexpected aliasing of 'this' to local variable.  @typescript-eslint/no-this-alias
24:17094  Error: Unexpected aliasing of 'this' to local variable.  @typescript-eslint/no-this-alias
24:17318  Error: Unexpected aliasing of 'this' to local variable.  @typescript-eslint/no-this-alias
24:17664  Warning: Expected an assignment or function call and instead saw an expression.  @typescript-eslint/no-unused-expressions
24:18003  Error: Unexpected aliasing of 'this' to local variable.  @typescript-eslint/no-this-alias
24:18066  Warning: Expected an assignment or function call and instead saw an expression.  @typescript-eslint/no-unused-expressions
24:18393  Error: Unexpected aliasing of 'this' to local variable.  @typescript-eslint/no-this-alias
24:19204  Error: Unexpected aliasing of 'this' to local variable.  @typescript-eslint/no-this-alias
24:19464  Error: Unexpected aliasing of 'this' to local variable.  @typescript-eslint/no-this-alias
24:19624  Error: Unexpected aliasing of 'this' to local variable.  @typescript-eslint/no-this-alias
24:19841  Error: Unexpected aliasing of 'this' to local variable.  @typescript-eslint/no-this-alias
24:20009  Warning: Expected an assignment or function call and instead saw an expression.  @typescript-eslint/no-unused-expressions
24:20051  Warning: Expected an assignment or function call and instead saw an expression.  @typescript-eslint/no-unused-expressions
24:20835  Warning: Expected an assignment or function call and instead saw an expression.  @typescript-eslint/no-unused-expressions
24:20969  Warning: Expected an assignment or function call and instead saw an expression.  @typescript-eslint/no-unused-expressions
24:21291  Warning: Expected an assignment or function call and instead saw an expression.  @typescript-eslint/no-unused-expressions
24:21500  Warning: Expected an assignment or function call and instead saw an expression.  @typescript-eslint/no-unused-expressions
24:22020  Warning: Expected an assignment or function call and instead saw an expression.  @typescript-eslint/no-unused-expressions
24:22105  Warning: Expected an assignment or function call and instead saw an expression.  @typescript-eslint/no-unused-expressions
24:22273  Warning: Expected an assignment or function call and instead saw an expression.  @typescript-eslint/no-unused-expressions
24:22327  Warning: Expected an assignment or function call and instead saw an expression.  @typescript-eslint/no-unused-expressions
24:22750  Warning: Expected an assignment or function call and instead saw an expression.  @typescript-eslint/no-unused-expressions
24:22774  Warning: Expected an assignment or function call and instead saw an expression.  @typescript-eslint/no-unused-expressions
24:22821  Warning: Expected an assignment or function call and instead saw an expression.  @typescript-eslint/no-unused-expressions
24:23004  Warning: Expected an assignment or function call and instead saw an expression.  @typescript-eslint/no-unused-expressions
24:23117  Warning: Expected an assignment or function call and instead saw an expression.  @typescript-eslint/no-unused-expressions
24:23191  Warning: Expected an assignment or function call and instead saw an expression.  @typescript-eslint/no-unused-expressions
24:23662  Warning: Expected an assignment or function call and instead saw an expression.  @typescript-eslint/no-unused-expressions
24:23732  Warning: Expected an assignment or function call and instead saw an expression.  @typescript-eslint/no-unused-expressions
24:24757  Warning: Expected an assignment or function call and instead saw an expression.  @typescript-eslint/no-unused-expressions
24:24802  Warning: Expected an assignment or function call and instead saw an expression.  @typescript-eslint/no-unused-expressions
24:24978  Warning: Expected an assignment or function call and instead saw an expression.  @typescript-eslint/no-unused-expressions
24:25252  Warning: Expected an assignment or function call and instead saw an expression.  @typescript-eslint/no-unused-expressions
24:25512  Warning: Expected an assignment or function call and instead saw an expression.  @typescript-eslint/no-unused-expressions
24:25946  Warning: Expected an assignment or function call and instead saw an expression.  @typescript-eslint/no-unused-expressions
24:25986  Warning: Expected an assignment or function call and instead saw an expression.  @typescript-eslint/no-unused-expressions
24:26426  Warning: Expected an assignment or function call and instead saw an expression.  @typescript-eslint/no-unused-expressions
24:26569  Warning: Expected an assignment or function call and instead saw an expression.  @typescript-eslint/no-unused-expressions
24:26999  Warning: Expected an assignment or function call and instead saw an expression.  @typescript-eslint/no-unused-expressions
24:27052  Warning: Expected an assignment or function call and instead saw an expression.  @typescript-eslint/no-unused-expressions
24:27157  Warning: Expected an assignment or function call and instead saw an expression.  @typescript-eslint/no-unused-expressions
24:27390  Warning: Expected an assignment or function call and instead saw an expression.  @typescript-eslint/no-unused-expressions
24:27912  Warning: Expected an assignment or function call and instead saw an expression.  @typescript-eslint/no-unused-expressions
24:28030  Warning: Expected an assignment or function call and instead saw an expression.  @typescript-eslint/no-unused-expressions
24:28379  Warning: Expected an assignment or function call and instead saw an expression.  @typescript-eslint/no-unused-expressions
24:28395  Warning: 'u' is assigned a value but never used.  @typescript-eslint/no-unused-vars
24:29390  Warning: Expected an assignment or function call and instead saw an expression.  @typescript-eslint/no-unused-expressions
24:29768  Warning: Expected an assignment or function call and instead saw an expression.  @typescript-eslint/no-unused-expressions
24:30268  Warning: Expected an assignment or function call and instead saw an expression.  @typescript-eslint/no-unused-expressions
24:31586  Error: Unexpected aliasing of 'this' to local variable.  @typescript-eslint/no-this-alias
24:31656  Warning: Expected an assignment or function call and instead saw an expression.  @typescript-eslint/no-unused-expressions
24:31834  Warning: Expected an assignment or function call and instead saw an expression.  @typescript-eslint/no-unused-expressions
24:31941  Warning: Expected an assignment or function call and instead saw an expression.  @typescript-eslint/no-unused-expressions
24:32047  Warning: Expected an assignment or function call and instead saw an expression.  @typescript-eslint/no-unused-expressions
24:33065  Warning: Expected an assignment or function call and instead saw an expression.  @typescript-eslint/no-unused-expressions
24:33362  Warning: Expected an assignment or function call and instead saw an expression.  @typescript-eslint/no-unused-expressions
24:34098  Warning: Expected an assignment or function call and instead saw an expression.  @typescript-eslint/no-unused-expressions
24:34242  Warning: Expected an assignment or function call and instead saw an expression.  @typescript-eslint/no-unused-expressions
24:34505  Warning: Expected an assignment or function call and instead saw an expression.  @typescript-eslint/no-unused-expressions
24:34584  Warning: Expected an assignment or function call and instead saw an expression.  @typescript-eslint/no-unused-expressions
24:36177  Error: A `require()` style import is forbidden.  @typescript-eslint/no-require-imports
24:36991  Warning: Expected an assignment or function call and instead saw an expression.  @typescript-eslint/no-unused-expressions
24:37018  Warning: Expected an assignment or function call and instead saw an expression.  @typescript-eslint/no-unused-expressions
24:37414  Warning: Expected an assignment or function call and instead saw an expression.  @typescript-eslint/no-unused-expressions
24:37447  Warning: Expected an assignment or function call and instead saw an expression.  @typescript-eslint/no-unused-expressions
24:37547  Warning: Expected an assignment or function call and instead saw an expression.  @typescript-eslint/no-unused-expressions
24:37717  Warning: Expected an assignment or function call and instead saw an expression.  @typescript-eslint/no-unused-expressions
24:38737  Warning: Expected an assignment or function call and instead saw an expression.  @typescript-eslint/no-unused-expressions
24:38799  Warning: Expected an assignment or function call and instead saw an expression.  @typescript-eslint/no-unused-expressions
24:38901  Warning: Expected an assignment or function call and instead saw an expression.  @typescript-eslint/no-unused-expressions
24:39017  Warning: Expected an assignment or function call and instead saw an expression.  @typescript-eslint/no-unused-expressions
24:39381  Warning: Expected an assignment or function call and instead saw an expression.  @typescript-eslint/no-unused-expressions
24:42759  Warning: Expected an assignment or function call and instead saw an expression.  @typescript-eslint/no-unused-expressions
24:43492  Warning: Expected an assignment or function call and instead saw an expression.  @typescript-eslint/no-unused-expressions
24:44131  Warning: Expected an assignment or function call and instead saw an expression.  @typescript-eslint/no-unused-expressions
28:747  Warning: Expected an assignment or function call and instead saw an expression.  @typescript-eslint/no-unused-expressions
28:1080  Warning: Expected an assignment or function call and instead saw an expression.  @typescript-eslint/no-unused-expressions
28:1874  Warning: Expected an assignment or function call and instead saw an expression.  @typescript-eslint/no-unused-expressions
28:1946  Warning: Expected an assignment or function call and instead saw an expression.  @typescript-eslint/no-unused-expressions
29:276  Warning: Expected an assignment or function call and instead saw an expression.  @typescript-eslint/no-unused-expressions
29:577  Warning: Expected an assignment or function call and instead saw an expression.  @typescript-eslint/no-unused-expressions
29:1340  Warning: Expected an assignment or function call and instead saw an expression.  @typescript-eslint/no-unused-expressions
29:1837  Warning: Expected an assignment or function call and instead saw an expression.  @typescript-eslint/no-unused-expressions
29:1937  Warning: Expected an assignment or function call and instead saw an expression.  @typescript-eslint/no-unused-expressions
30:662  Warning: Expected an assignment or function call and instead saw an expression.  @typescript-eslint/no-unused-expressions
30:1231  Warning: Expected an assignment or function call and instead saw an expression.  @typescript-eslint/no-unused-expressions
30:1344  Warning: Expected an assignment or function call and instead saw an expression.  @typescript-eslint/no-unused-expressions
30:2257  Error: Unexpected aliasing of 'this' to local variable.  @typescript-eslint/no-this-alias
30:3159  Warning: Expected an assignment or function call and instead saw an expression.  @typescript-eslint/no-unused-expressions
30:3253  Warning: Expected an assignment or function call and instead saw an expression.  @typescript-eslint/no-unused-expressions
30:3598  Warning: Expected an assignment or function call and instead saw an expression.  @typescript-eslint/no-unused-expressions
30:4727  Warning: Expected an assignment or function call and instead saw an expression.  @typescript-eslint/no-unused-expressions
30:5153  Warning: Expected an assignment or function call and instead saw an expression.  @typescript-eslint/no-unused-expressions
31:807  Warning: Expected an assignment or function call and instead saw an expression.  @typescript-eslint/no-unused-expressions
31:1129  Warning: Expected an assignment or function call and instead saw an expression.  @typescript-eslint/no-unused-expressions
31:1412  Warning: Expected an assignment or function call and instead saw an expression.  @typescript-eslint/no-unused-expressions
31:2157  Warning: Expected an assignment or function call and instead saw an expression.  @typescript-eslint/no-unused-expressions
31:2426  Warning: Expected an assignment or function call and instead saw an expression.  @typescript-eslint/no-unused-expressions
31:2741  Warning: Expected an assignment or function call and instead saw an expression.  @typescript-eslint/no-unused-expressions
31:4062  Warning: Expected an assignment or function call and instead saw an expression.  @typescript-eslint/no-unused-expressions
31:4411  Warning: Expected an assignment or function call and instead saw an expression.  @typescript-eslint/no-unused-expressions
31:4899  Warning: Expected an assignment or function call and instead saw an expression.  @typescript-eslint/no-unused-expressions
31:5293  Warning: Expected an assignment or function call and instead saw an expression.  @typescript-eslint/no-unused-expressions
31:5947  Warning: Expected an assignment or function call and instead saw an expression.  @typescript-eslint/no-unused-expressions
31:6581  Warning: Expected an assignment or function call and instead saw an expression.  @typescript-eslint/no-unused-expressions
31:6679  Warning: Expected an assignment or function call and instead saw an expression.  @typescript-eslint/no-unused-expressions
31:6792  Warning: Expected an assignment or function call and instead saw an expression.  @typescript-eslint/no-unused-expressions
31:6899  Warning: Expected an assignment or function call and instead saw an expression.  @typescript-eslint/no-unused-expressions
31:7555  Warning: Expected an assignment or function call and instead saw an expression.  @typescript-eslint/no-unused-expressions
31:8024  Warning: Expected an assignment or function call and instead saw an expression.  @typescript-eslint/no-unused-expressions
31:8128  Warning: Expected an assignment or function call and instead saw an expression.  @typescript-eslint/no-unused-expressions
31:8435  Warning: Expected an assignment or function call and instead saw an expression.  @typescript-eslint/no-unused-expressions
31:9226  Warning: Expected an assignment or function call and instead saw an expression.  @typescript-eslint/no-unused-expressions
32:6908  Warning: Expected an assignment or function call and instead saw an expression.  @typescript-eslint/no-unused-expressions
32:7173  Warning: Expected an assignment or function call and instead saw an expression.  @typescript-eslint/no-unused-expressions
32:8717  Warning: Expected an assignment or function call and instead saw an expression.  @typescript-eslint/no-unused-expressions
32:9643  Warning: Expected an assignment or function call and instead saw an expression.  @typescript-eslint/no-unused-expressions
32:9855  Warning: Expected an assignment or function call and instead saw an expression.  @typescript-eslint/no-unused-expressions
32:12659  Warning: Expected an assignment or function call and instead saw an expression.  @typescript-eslint/no-unused-expressions
32:12912  Error: A `require()` style import is forbidden.  @typescript-eslint/no-require-imports
32:12943  Error: A `require()` style import is forbidden.  @typescript-eslint/no-require-imports
32:12971  Error: A `require()` style import is forbidden.  @typescript-eslint/no-require-imports
32:12996  Error: A `require()` style import is forbidden.  @typescript-eslint/no-require-imports
32:13275  Warning: Expected an assignment or function call and instead saw an expression.  @typescript-eslint/no-unused-expressions
32:13480  Warning: Expected an assignment or function call and instead saw an expression.  @typescript-eslint/no-unused-expressions
32:13564  Warning: Expected an assignment or function call and instead saw an expression.  @typescript-eslint/no-unused-expressions
34:3360  Warning: Expected an assignment or function call and instead saw an expression.  @typescript-eslint/no-unused-expressions
34:3402  Warning: Expected an assignment or function call and instead saw an expression.  @typescript-eslint/no-unused-expressions
34:6997  Warning: Expected an assignment or function call and instead saw an expression.  @typescript-eslint/no-unused-expressions
34:7088  Warning: Expected an assignment or function call and instead saw an expression.  @typescript-eslint/no-unused-expressions
34:7114  Warning: Expected an assignment or function call and instead saw an expression.  @typescript-eslint/no-unused-expressions
34:9111  Warning: Expected an assignment or function call and instead saw an expression.  @typescript-eslint/no-unused-expressions
36:197  Error: A `require()` style import is forbidden.  @typescript-eslint/no-require-imports
36:222  Error: A `require()` style import is forbidden.  @typescript-eslint/no-require-imports
67:1046  Warning: Expected an assignment or function call and instead saw an expression.  @typescript-eslint/no-unused-expressions
113:2012  Warning: Expected an assignment or function call and instead saw an expression.  @typescript-eslint/no-unused-expressions
113:2173  Warning: Expected an assignment or function call and instead saw an expression.  @typescript-eslint/no-unused-expressions
113:3151  Warning: Expected an assignment or function call and instead saw an expression.  @typescript-eslint/no-unused-expressions
113:3454  Warning: Expected an assignment or function call and instead saw an expression.  @typescript-eslint/no-unused-expressions
113:3768  Warning: Expected an assignment or function call and instead saw an expression.  @typescript-eslint/no-unused-expressions
113:4516  Warning: Expected an assignment or function call and instead saw an expression.  @typescript-eslint/no-unused-expressions
113:4966  Warning: Expected an assignment or function call and instead saw an expression.  @typescript-eslint/no-unused-expressions
113:5119  Warning: Expected an assignment or function call and instead saw an expression.  @typescript-eslint/no-unused-expressions
113:5308  Warning: Expected an assignment or function call and instead saw an expression.  @typescript-eslint/no-unused-expressions
113:6307  Warning: Expected an assignment or function call and instead saw an expression.  @typescript-eslint/no-unused-expressions
113:9483  Warning: Expected an assignment or function call and instead saw an expression.  @typescript-eslint/no-unused-expressions
114:1746  Warning: Expected an assignment or function call and instead saw an expression.  @typescript-eslint/no-unused-expressions
114:2122  Warning: Expected an assignment or function call and instead saw an expression.  @typescript-eslint/no-unused-expressions
114:2246  Warning: Expected an assignment or function call and instead saw an expression.  @typescript-eslint/no-unused-expressions
114:2639  Warning: Expected an assignment or function call and instead saw an expression.  @typescript-eslint/no-unused-expressions
114:3105  Warning: Expected an assignment or function call and instead saw an expression.  @typescript-eslint/no-unused-expressions
114:3672  Warning: Expected an assignment or function call and instead saw an expression.  @typescript-eslint/no-unused-expressions
114:4948  Warning: Expected an assignment or function call and instead saw an expression.  @typescript-eslint/no-unused-expressions
114:5813  Warning: Expected an assignment or function call and instead saw an expression.  @typescript-eslint/no-unused-expressions
114:6191  Warning: Expected an assignment or function call and instead saw an expression.  @typescript-eslint/no-unused-expressions
114:7513  Error: A `require()` style import is forbidden.  @typescript-eslint/no-require-imports
114:7538  Error: A `require()` style import is forbidden.  @typescript-eslint/no-require-imports
114:8459  Warning: Expected an assignment or function call and instead saw an expression.  @typescript-eslint/no-unused-expressions
114:9643  Warning: Expected an assignment or function call and instead saw an expression.  @typescript-eslint/no-unused-expressions
114:10035  Warning: Expected an assignment or function call and instead saw an expression.  @typescript-eslint/no-unused-expressions
114:11279  Warning: Expected an assignment or function call and instead saw an expression.  @typescript-eslint/no-unused-expressions
114:11842  Warning: Expected an assignment or function call and instead saw an expression.  @typescript-eslint/no-unused-expressions
115:405  Warning: Expected an assignment or function call and instead saw an expression.  @typescript-eslint/no-unused-expressions
115:580  Warning: Expected an assignment or function call and instead saw an expression.  @typescript-eslint/no-unused-expressions
115:696  Warning: Expected an assignment or function call and instead saw an expression.  @typescript-eslint/no-unused-expressions
115:1269  Warning: Expected an assignment or function call and instead saw an expression.  @typescript-eslint/no-unused-expressions
115:2496  Warning: Expected an assignment or function call and instead saw an expression.  @typescript-eslint/no-unused-expressions
115:3225  Warning: Expected an assignment or function call and instead saw an expression.  @typescript-eslint/no-unused-expressions
115:3319  Warning: Expected an assignment or function call and instead saw an expression.  @typescript-eslint/no-unused-expressions
115:3436  Warning: Expected an assignment or function call and instead saw an expression.  @typescript-eslint/no-unused-expressions
115:4229  Warning: Expected an assignment or function call and instead saw an expression.  @typescript-eslint/no-unused-expressions
116:197  Warning: Expected an assignment or function call and instead saw an expression.  @typescript-eslint/no-unused-expressions
117:88  Warning: Expected an assignment or function call and instead saw an expression.  @typescript-eslint/no-unused-expressions
117:276  Warning: Expected an assignment or function call and instead saw an expression.  @typescript-eslint/no-unused-expressions
117:1629  Warning: 'l' is assigned a value but never used.  @typescript-eslint/no-unused-vars
117:1644  Warning: 'u' is assigned a value but never used.  @typescript-eslint/no-unused-vars
117:1659  Warning: 'c' is assigned a value but never used.  @typescript-eslint/no-unused-vars
124:72  Warning: Expected an assignment or function call and instead saw an expression.  @typescript-eslint/no-unused-expressions
124:171  Warning: Expected an assignment or function call and instead saw an expression.  @typescript-eslint/no-unused-expressions
124:264  Warning: Expected an assignment or function call and instead saw an expression.  @typescript-eslint/no-unused-expressions
124:380  Warning: Expected an assignment or function call and instead saw an expression.  @typescript-eslint/no-unused-expressions
124:463  Warning: Expected an assignment or function call and instead saw an expression.  @typescript-eslint/no-unused-expressions
124:3359  Warning: Expected an assignment or function call and instead saw an expression.  @typescript-eslint/no-unused-expressions
124:3577  Warning: Expected an assignment or function call and instead saw an expression.  @typescript-eslint/no-unused-expressions
124:3662  Warning: Expected an assignment or function call and instead saw an expression.  @typescript-eslint/no-unused-expressions
124:3965  Warning: Expected an assignment or function call and instead saw an expression.  @typescript-eslint/no-unused-expressions
124:5106  Warning: Expected an assignment or function call and instead saw an expression.  @typescript-eslint/no-unused-expressions
124:8681  Warning: Expected an assignment or function call and instead saw an expression.  @typescript-eslint/no-unused-expressions
129:1875  Warning: Expected an assignment or function call and instead saw an expression.  @typescript-eslint/no-unused-expressions
129:3177  Warning: Expected an assignment or function call and instead saw an expression.  @typescript-eslint/no-unused-expressions
129:3310  Warning: Expected an assignment or function call and instead saw an expression.  @typescript-eslint/no-unused-expressions
129:3496  Warning: Expected an assignment or function call and instead saw an expression.  @typescript-eslint/no-unused-expressions
129:3695  Warning: Expected an assignment or function call and instead saw an expression.  @typescript-eslint/no-unused-expressions
133:131  Warning: Expected an assignment or function call and instead saw an expression.  @typescript-eslint/no-unused-expressions
133:180  Warning: Expected an assignment or function call and instead saw an expression.  @typescript-eslint/no-unused-expressions
133:237  Warning: Expected an assignment or function call and instead saw an expression.  @typescript-eslint/no-unused-expressions
133:276  Warning: Expected an assignment or function call and instead saw an expression.  @typescript-eslint/no-unused-expressions
133:348  Warning: Expected an assignment or function call and instead saw an expression.  @typescript-eslint/no-unused-expressions
133:883  Warning: Expected an assignment or function call and instead saw an expression.  @typescript-eslint/no-unused-expressions
133:987  Warning: Expected an assignment or function call and instead saw an expression.  @typescript-eslint/no-unused-expressions
133:2108  Warning: Expected an assignment or function call and instead saw an expression.  @typescript-eslint/no-unused-expressions
133:2188  Warning: Expected an assignment or function call and instead saw an expression.  @typescript-eslint/no-unused-expressions
133:4056  Warning: Expected an assignment or function call and instead saw an expression.  @typescript-eslint/no-unused-expressions
133:8118  Warning: Expected an assignment or function call and instead saw an expression.  @typescript-eslint/no-unused-expressions
133:8487  Warning: Expected an assignment or function call and instead saw an expression.  @typescript-eslint/no-unused-expressions
133:9447  Warning: Expected an assignment or function call and instead saw an expression.  @typescript-eslint/no-unused-expressions
134:999  Warning: Expected an assignment or function call and instead saw an expression.  @typescript-eslint/no-unused-expressions

./src/generated/prisma/runtime/react-native.js
4:441  Warning: Expected an assignment or function call and instead saw an expression.  @typescript-eslint/no-unused-expressions
4:693  Warning: 'x' is assigned a value but never used.  @typescript-eslint/no-unused-vars
4:718  Warning: Expected an assignment or function call and instead saw an expression.  @typescript-eslint/no-unused-expressions
4:854  Warning: 'P' is assigned a value but never used.  @typescript-eslint/no-unused-vars
4:1252  Warning: Expected an assignment or function call and instead saw an expression.  @typescript-eslint/no-unused-expressions
4:1452  Warning: Expected an assignment or function call and instead saw an expression.  @typescript-eslint/no-unused-expressions
4:1491  Warning: Expected an assignment or function call and instead saw an expression.  @typescript-eslint/no-unused-expressions
4:1634  Warning: Expected an assignment or function call and instead saw an expression.  @typescript-eslint/no-unused-expressions
4:1867  Warning: Expected an assignment or function call and instead saw an expression.  @typescript-eslint/no-unused-expressions
4:2308  Warning: Expected an assignment or function call and instead saw an expression.  @typescript-eslint/no-unused-expressions
4:2645  Warning: Expected an assignment or function call and instead saw an expression.  @typescript-eslint/no-unused-expressions
4:2923  Warning: Expected an assignment or function call and instead saw an expression.  @typescript-eslint/no-unused-expressions
4:3759  Warning: Expected an assignment or function call and instead saw an expression.  @typescript-eslint/no-unused-expressions
4:7879  Warning: Expected an assignment or function call and instead saw an expression.  @typescript-eslint/no-unused-expressions
4:8432  Warning: Expected an assignment or function call and instead saw an expression.  @typescript-eslint/no-unused-expressions
4:9267  Warning: Expected an assignment or function call and instead saw an expression.  @typescript-eslint/no-unused-expressions
4:9809  Warning: Expected an assignment or function call and instead saw an expression.  @typescript-eslint/no-unused-expressions
4:9893  Warning: Expected an assignment or function call and instead saw an expression.  @typescript-eslint/no-unused-expressions
4:10230  Warning: Expected an assignment or function call and instead saw an expression.  @typescript-eslint/no-unused-expressions
4:10421  Warning: Expected an assignment or function call and instead saw an expression.  @typescript-eslint/no-unused-expressions
4:10989  Warning: Expected an assignment or function call and instead saw an expression.  @typescript-eslint/no-unused-expressions
4:11636  Warning: Expected an assignment or function call and instead saw an expression.  @typescript-eslint/no-unused-expressions
4:12468  Warning: Expected an assignment or function call and instead saw an expression.  @typescript-eslint/no-unused-expressions
4:12652  Warning: Expected an assignment or function call and instead saw an expression.  @typescript-eslint/no-unused-expressions
4:13048  Warning: Expected an assignment or function call and instead saw an expression.  @typescript-eslint/no-unused-expressions
4:13094  Warning: Expected an assignment or function call and instead saw an expression.  @typescript-eslint/no-unused-expressions
4:13451  Warning: Expected an assignment or function call and instead saw an expression.  @typescript-eslint/no-unused-expressions
4:13517  Warning: Expected an assignment or function call and instead saw an expression.  @typescript-eslint/no-unused-expressions
4:13559  Warning: Expected an assignment or function call and instead saw an expression.  @typescript-eslint/no-unused-expressions
4:13872  Warning: Expected an assignment or function call and instead saw an expression.  @typescript-eslint/no-unused-expressions
4:14215  Warning: Expected an assignment or function call and instead saw an expression.  @typescript-eslint/no-unused-expressions
4:14598  Warning: Expected an assignment or function call and instead saw an expression.  @typescript-eslint/no-unused-expressions
4:14624  Warning: Expected an assignment or function call and instead saw an expression.  @typescript-eslint/no-unused-expressions
4:14693  Warning: Expected an assignment or function call and instead saw an expression.  @typescript-eslint/no-unused-expressions
4:14818  Warning: Expected an assignment or function call and instead saw an expression.  @typescript-eslint/no-unused-expressions
4:14958  Warning: Expected an assignment or function call and instead saw an expression.  @typescript-eslint/no-unused-expressions
4:15506  Warning: Expected an assignment or function call and instead saw an expression.  @typescript-eslint/no-unused-expressions
4:15767  Warning: Expected an assignment or function call and instead saw an expression.  @typescript-eslint/no-unused-expressions
4:16151  Warning: Expected an assignment or function call and instead saw an expression.  @typescript-eslint/no-unused-expressions
4:16320  Warning: Expected an assignment or function call and instead saw an expression.  @typescript-eslint/no-unused-expressions
4:17136  Warning: Expected an assignment or function call and instead saw an expression.  @typescript-eslint/no-unused-expressions
4:17185  Warning: Expected an assignment or function call and instead saw an expression.  @typescript-eslint/no-unused-expressions
4:17423  Warning: Expected an assignment or function call and instead saw an expression.  @typescript-eslint/no-unused-expressions
4:17472  Warning: Expected an assignment or function call and instead saw an expression.  @typescript-eslint/no-unused-expressions
4:17704  Warning: Expected an assignment or function call and instead saw an expression.  @typescript-eslint/no-unused-expressions
4:17883  Warning: Expected an assignment or function call and instead saw an expression.  @typescript-eslint/no-unused-expressions
4:18178  Warning: Expected an assignment or function call and instead saw an expression.  @typescript-eslint/no-unused-expressions
4:18304  Warning: Expected an assignment or function call and instead saw an expression.  @typescript-eslint/no-unused-expressions
4:18684  Warning: Expected an assignment or function call and instead saw an expression.  @typescript-eslint/no-unused-expressions
4:18733  Warning: Expected an assignment or function call and instead saw an expression.  @typescript-eslint/no-unused-expressions
4:18965  Warning: Expected an assignment or function call and instead saw an expression.  @typescript-eslint/no-unused-expressions
4:19014  Warning: Expected an assignment or function call and instead saw an expression.  @typescript-eslint/no-unused-expressions
4:21151  Warning: Expected an assignment or function call and instead saw an expression.  @typescript-eslint/no-unused-expressions
4:21395  Warning: Expected an assignment or function call and instead saw an expression.  @typescript-eslint/no-unused-expressions
4:21941  Warning: Expected an assignment or function call and instead saw an expression.  @typescript-eslint/no-unused-expressions
4:22176  Warning: Expected an assignment or function call and instead saw an expression.  @typescript-eslint/no-unused-expressions
4:23265  Warning: 'i' is defined but never used.  @typescript-eslint/no-unused-vars
4:23267  Warning: 'o' is defined but never used.  @typescript-eslint/no-unused-vars
4:24325  Warning: Expected an assignment or function call and instead saw an expression.  @typescript-eslint/no-unused-expressions
4:24894  Warning: Expected an assignment or function call and instead saw an expression.  @typescript-eslint/no-unused-expressions
4:24941  Warning: Expected an assignment or function call and instead saw an expression.  @typescript-eslint/no-unused-expressions
4:25103  Warning: Expected an assignment or function call and instead saw an expression.  @typescript-eslint/no-unused-expressions
4:25450  Warning: Expected an assignment or function call and instead saw an expression.  @typescript-eslint/no-unused-expressions
4:26521  Warning: Expected an assignment or function call and instead saw an expression.  @typescript-eslint/no-unused-expressions
4:27454  Warning: Expected an assignment or function call and instead saw an expression.  @typescript-eslint/no-unused-expressions
4:27511  Warning: Expected an assignment or function call and instead saw an expression.  @typescript-eslint/no-unused-expressions
4:27576  Warning: Expected an assignment or function call and instead saw an expression.  @typescript-eslint/no-unused-expressions
4:27655  Warning: Expected an assignment or function call and instead saw an expression.  @typescript-eslint/no-unused-expressions
4:28169  Warning: Expected an assignment or function call and instead saw an expression.  @typescript-eslint/no-unused-expressions
4:29433  Warning: Expected an assignment or function call and instead saw an expression.  @typescript-eslint/no-unused-expressions
4:30047  Warning: Expected an assignment or function call and instead saw an expression.  @typescript-eslint/no-unused-expressions
4:30188  Warning: Expected an assignment or function call and instead saw an expression.  @typescript-eslint/no-unused-expressions
4:30202  Warning: Expected an assignment or function call and instead saw an expression.  @typescript-eslint/no-unused-expressions
4:34245  Warning: Expected an assignment or function call and instead saw an expression.  @typescript-eslint/no-unused-expressions
4:34327  Warning: Expected an assignment or function call and instead saw an expression.  @typescript-eslint/no-unused-expressions
4:34477  Warning: Expected an assignment or function call and instead saw an expression.  @typescript-eslint/no-unused-expressions
4:34669  Warning: Expected an assignment or function call and instead saw an expression.  @typescript-eslint/no-unused-expressions
4:34825  Warning: Expected an assignment or function call and instead saw an expression.  @typescript-eslint/no-unused-expressions
4:36767  Warning: 'e' is defined but never used.  @typescript-eslint/no-unused-vars
4:37255  Warning: Expected an assignment or function call and instead saw an expression.  @typescript-eslint/no-unused-expressions
4:38176  Warning: Expected an assignment or function call and instead saw an expression.  @typescript-eslint/no-unused-expressions
4:38953  Warning: Expected an assignment or function call and instead saw an expression.  @typescript-eslint/no-unused-expressions
5:3273  Warning: Expected an assignment or function call and instead saw an expression.  @typescript-eslint/no-unused-expressions
5:4598  Warning: Expected an assignment or function call and instead saw an expression.  @typescript-eslint/no-unused-expressions
5:4775  Warning: Expected an assignment or function call and instead saw an expression.  @typescript-eslint/no-unused-expressions
5:4891  Warning: Expected an assignment or function call and instead saw an expression.  @typescript-eslint/no-unused-expressions
5:5269  Warning: Expected an assignment or function call and instead saw an expression.  @typescript-eslint/no-unused-expressions
5:5630  Warning: Expected an assignment or function call and instead saw an expression.  @typescript-eslint/no-unused-expressions
5:5925  Warning: Expected an assignment or function call and instead saw an expression.  @typescript-eslint/no-unused-expressions
5:6318  Warning: Expected an assignment or function call and instead saw an expression.  @typescript-eslint/no-unused-expressions
5:10180  Error: Unexpected aliasing of 'this' to local variable.  @typescript-eslint/no-this-alias
5:10376  Error: Unexpected aliasing of 'this' to local variable.  @typescript-eslint/no-this-alias
5:10732  Error: Unexpected aliasing of 'this' to local variable.  @typescript-eslint/no-this-alias
5:11002  Error: Unexpected aliasing of 'this' to local variable.  @typescript-eslint/no-this-alias
5:11588  Warning: Expected an assignment or function call and instead saw an expression.  @typescript-eslint/no-unused-expressions
5:11602  Warning: Expected an assignment or function call and instead saw an expression.  @typescript-eslint/no-unused-expressions
5:11850  Warning: Expected an assignment or function call and instead saw an expression.  @typescript-eslint/no-unused-expressions
5:11989  Error: Unexpected aliasing of 'this' to local variable.  @typescript-eslint/no-this-alias
5:12367  Error: Unexpected aliasing of 'this' to local variable.  @typescript-eslint/no-this-alias
5:12467  Warning: Expected an assignment or function call and instead saw an expression.  @typescript-eslint/no-unused-expressions
5:12709  Warning: Expected an assignment or function call and instead saw an expression.  @typescript-eslint/no-unused-expressions
5:12852  Error: Unexpected aliasing of 'this' to local variable.  @typescript-eslint/no-this-alias
5:13039  Warning: Expected an assignment or function call and instead saw an expression.  @typescript-eslint/no-unused-expressions
5:13160  Warning: Expected an assignment or function call and instead saw an expression.  @typescript-eslint/no-unused-expressions
5:13313  Error: Unexpected aliasing of 'this' to local variable.  @typescript-eslint/no-this-alias
5:13532  Error: Unexpected aliasing of 'this' to local variable.  @typescript-eslint/no-this-alias
5:13864  Error: Unexpected aliasing of 'this' to local variable.  @typescript-eslint/no-this-alias
5:14168  Error: Unexpected aliasing of 'this' to local variable.  @typescript-eslint/no-this-alias
5:14462  Error: Unexpected aliasing of 'this' to local variable.  @typescript-eslint/no-this-alias
5:14830  Error: Unexpected aliasing of 'this' to local variable.  @typescript-eslint/no-this-alias
5:15171  Error: Unexpected aliasing of 'this' to local variable.  @typescript-eslint/no-this-alias
5:16247  Error: Unexpected aliasing of 'this' to local variable.  @typescript-eslint/no-this-alias
5:16312  Warning: Expected an assignment or function call and instead saw an expression.  @typescript-eslint/no-unused-expressions
5:16691  Warning: Expected an assignment or function call and instead saw an expression.  @typescript-eslint/no-unused-expressions
5:16844  Error: Unexpected aliasing of 'this' to local variable.  @typescript-eslint/no-this-alias
5:17587  Warning: Expected an assignment or function call and instead saw an expression.  @typescript-eslint/no-unused-expressions
5:17764  Error: Unexpected aliasing of 'this' to local variable.  @typescript-eslint/no-this-alias
5:18236  Error: Unexpected aliasing of 'this' to local variable.  @typescript-eslint/no-this-alias
5:18735  Warning: Expected an assignment or function call and instead saw an expression.  @typescript-eslint/no-unused-expressions
5:18902  Error: Unexpected aliasing of 'this' to local variable.  @typescript-eslint/no-this-alias
5:19041  Error: Unexpected aliasing of 'this' to local variable.  @typescript-eslint/no-this-alias
5:19133  Error: Unexpected aliasing of 'this' to local variable.  @typescript-eslint/no-this-alias
5:19402  Error: Unexpected aliasing of 'this' to local variable.  @typescript-eslint/no-this-alias
5:19927  Warning: Expected an assignment or function call and instead saw an expression.  @typescript-eslint/no-unused-expressions
5:19941  Warning: Expected an assignment or function call and instead saw an expression.  @typescript-eslint/no-unused-expressions
5:20087  Error: Unexpected aliasing of 'this' to local variable.  @typescript-eslint/no-this-alias
5:20393  Error: Unexpected aliasing of 'this' to local variable.  @typescript-eslint/no-this-alias
5:20687  Warning: Expected an assignment or function call and instead saw an expression.  @typescript-eslint/no-unused-expressions
5:20939  Error: Unexpected aliasing of 'this' to local variable.  @typescript-eslint/no-this-alias
5:21092  Error: Unexpected aliasing of 'this' to local variable.  @typescript-eslint/no-this-alias
5:21290  Error: Unexpected aliasing of 'this' to local variable.  @typescript-eslint/no-this-alias
5:21514  Error: Unexpected aliasing of 'this' to local variable.  @typescript-eslint/no-this-alias
5:21860  Warning: Expected an assignment or function call and instead saw an expression.  @typescript-eslint/no-unused-expressions
5:22199  Error: Unexpected aliasing of 'this' to local variable.  @typescript-eslint/no-this-alias
5:22262  Warning: Expected an assignment or function call and instead saw an expression.  @typescript-eslint/no-unused-expressions
5:22589  Error: Unexpected aliasing of 'this' to local variable.  @typescript-eslint/no-this-alias
5:23402  Error: Unexpected aliasing of 'this' to local variable.  @typescript-eslint/no-this-alias
5:23662  Error: Unexpected aliasing of 'this' to local variable.  @typescript-eslint/no-this-alias
5:23822  Error: Unexpected aliasing of 'this' to local variable.  @typescript-eslint/no-this-alias
5:24039  Error: Unexpected aliasing of 'this' to local variable.  @typescript-eslint/no-this-alias
5:24207  Warning: Expected an assignment or function call and instead saw an expression.  @typescript-eslint/no-unused-expressions
5:24249  Warning: Expected an assignment or function call and instead saw an expression.  @typescript-eslint/no-unused-expressions
5:25033  Warning: Expected an assignment or function call and instead saw an expression.  @typescript-eslint/no-unused-expressions
5:25167  Warning: Expected an assignment or function call and instead saw an expression.  @typescript-eslint/no-unused-expressions
5:25489  Warning: Expected an assignment or function call and instead saw an expression.  @typescript-eslint/no-unused-expressions
5:25698  Warning: Expected an assignment or function call and instead saw an expression.  @typescript-eslint/no-unused-expressions
5:26224  Warning: Expected an assignment or function call and instead saw an expression.  @typescript-eslint/no-unused-expressions
5:26305  Warning: Expected an assignment or function call and instead saw an expression.  @typescript-eslint/no-unused-expressions
5:26478  Warning: Expected an assignment or function call and instead saw an expression.  @typescript-eslint/no-unused-expressions
5:26532  Warning: Expected an assignment or function call and instead saw an expression.  @typescript-eslint/no-unused-expressions
5:26952  Warning: Expected an assignment or function call and instead saw an expression.  @typescript-eslint/no-unused-expressions
5:26976  Warning: Expected an assignment or function call and instead saw an expression.  @typescript-eslint/no-unused-expressions
5:27023  Warning: Expected an assignment or function call and instead saw an expression.  @typescript-eslint/no-unused-expressions
5:27206  Warning: Expected an assignment or function call and instead saw an expression.  @typescript-eslint/no-unused-expressions
5:27319  Warning: Expected an assignment or function call and instead saw an expression.  @typescript-eslint/no-unused-expressions
5:27393  Warning: Expected an assignment or function call and instead saw an expression.  @typescript-eslint/no-unused-expressions
5:27864  Warning: Expected an assignment or function call and instead saw an expression.  @typescript-eslint/no-unused-expressions
5:27934  Warning: Expected an assignment or function call and instead saw an expression.  @typescript-eslint/no-unused-expressions
5:28960  Warning: Expected an assignment or function call and instead saw an expression.  @typescript-eslint/no-unused-expressions
5:29005  Warning: Expected an assignment or function call and instead saw an expression.  @typescript-eslint/no-unused-expressions
5:29181  Warning: Expected an assignment or function call and instead saw an expression.  @typescript-eslint/no-unused-expressions
5:29455  Warning: Expected an assignment or function call and instead saw an expression.  @typescript-eslint/no-unused-expressions
5:29715  Warning: Expected an assignment or function call and instead saw an expression.  @typescript-eslint/no-unused-expressions
5:30149  Warning: Expected an assignment or function call and instead saw an expression.  @typescript-eslint/no-unused-expressions
5:30189  Warning: Expected an assignment or function call and instead saw an expression.  @typescript-eslint/no-unused-expressions
5:30629  Warning: Expected an assignment or function call and instead saw an expression.  @typescript-eslint/no-unused-expressions
5:30772  Warning: Expected an assignment or function call and instead saw an expression.  @typescript-eslint/no-unused-expressions
5:31202  Warning: Expected an assignment or function call and instead saw an expression.  @typescript-eslint/no-unused-expressions
5:31255  Warning: Expected an assignment or function call and instead saw an expression.  @typescript-eslint/no-unused-expressions
5:31360  Warning: Expected an assignment or function call and instead saw an expression.  @typescript-eslint/no-unused-expressions
5:31593  Warning: Expected an assignment or function call and instead saw an expression.  @typescript-eslint/no-unused-expressions
5:32115  Warning: Expected an assignment or function call and instead saw an expression.  @typescript-eslint/no-unused-expressions
5:32233  Warning: Expected an assignment or function call and instead saw an expression.  @typescript-eslint/no-unused-expressions
5:32582  Warning: Expected an assignment or function call and instead saw an expression.  @typescript-eslint/no-unused-expressions
5:32598  Warning: 'u' is assigned a value but never used.  @typescript-eslint/no-unused-vars
5:33593  Warning: Expected an assignment or function call and instead saw an expression.  @typescript-eslint/no-unused-expressions
5:33971  Warning: Expected an assignment or function call and instead saw an expression.  @typescript-eslint/no-unused-expressions
5:34471  Warning: Expected an assignment or function call and instead saw an expression.  @typescript-eslint/no-unused-expressions
5:35790  Error: Unexpected aliasing of 'this' to local variable.  @typescript-eslint/no-this-alias
5:35860  Warning: Expected an assignment or function call and instead saw an expression.  @typescript-eslint/no-unused-expressions
5:36038  Warning: Expected an assignment or function call and instead saw an expression.  @typescript-eslint/no-unused-expressions
5:36145  Warning: Expected an assignment or function call and instead saw an expression.  @typescript-eslint/no-unused-expressions
5:36251  Warning: Expected an assignment or function call and instead saw an expression.  @typescript-eslint/no-unused-expressions
5:37269  Warning: Expected an assignment or function call and instead saw an expression.  @typescript-eslint/no-unused-expressions
5:37566  Warning: Expected an assignment or function call and instead saw an expression.  @typescript-eslint/no-unused-expressions
5:38302  Warning: Expected an assignment or function call and instead saw an expression.  @typescript-eslint/no-unused-expressions
5:38446  Warning: Expected an assignment or function call and instead saw an expression.  @typescript-eslint/no-unused-expressions
5:38709  Warning: Expected an assignment or function call and instead saw an expression.  @typescript-eslint/no-unused-expressions
5:38788  Warning: Expected an assignment or function call and instead saw an expression.  @typescript-eslint/no-unused-expressions
5:41355  Warning: Expected an assignment or function call and instead saw an expression.  @typescript-eslint/no-unused-expressions
5:41382  Warning: Expected an assignment or function call and instead saw an expression.  @typescript-eslint/no-unused-expressions
5:41778  Warning: Expected an assignment or function call and instead saw an expression.  @typescript-eslint/no-unused-expressions
5:41811  Warning: Expected an assignment or function call and instead saw an expression.  @typescript-eslint/no-unused-expressions
5:41911  Warning: Expected an assignment or function call and instead saw an expression.  @typescript-eslint/no-unused-expressions
5:42081  Warning: Expected an assignment or function call and instead saw an expression.  @typescript-eslint/no-unused-expressions
5:43097  Warning: Expected an assignment or function call and instead saw an expression.  @typescript-eslint/no-unused-expressions
5:43159  Warning: Expected an assignment or function call and instead saw an expression.  @typescript-eslint/no-unused-expressions
5:43261  Warning: Expected an assignment or function call and instead saw an expression.  @typescript-eslint/no-unused-expressions
5:43374  Warning: Expected an assignment or function call and instead saw an expression.  @typescript-eslint/no-unused-expressions
5:43737  Warning: Expected an assignment or function call and instead saw an expression.  @typescript-eslint/no-unused-expressions
5:47115  Warning: Expected an assignment or function call and instead saw an expression.  @typescript-eslint/no-unused-expressions
5:47848  Warning: Expected an assignment or function call and instead saw an expression.  @typescript-eslint/no-unused-expressions
5:48499  Warning: Expected an assignment or function call and instead saw an expression.  @typescript-eslint/no-unused-expressions
9:743  Warning: Expected an assignment or function call and instead saw an expression.  @typescript-eslint/no-unused-expressions
9:1076  Warning: Expected an assignment or function call and instead saw an expression.  @typescript-eslint/no-unused-expressions
9:1870  Warning: Expected an assignment or function call and instead saw an expression.  @typescript-eslint/no-unused-expressions
9:1942  Warning: Expected an assignment or function call and instead saw an expression.  @typescript-eslint/no-unused-expressions
10:317  Warning: Expected an assignment or function call and instead saw an expression.  @typescript-eslint/no-unused-expressions
10:618  Warning: Expected an assignment or function call and instead saw an expression.  @typescript-eslint/no-unused-expressions
10:1401  Warning: Expected an assignment or function call and instead saw an expression.  @typescript-eslint/no-unused-expressions
10:1958  Warning: Expected an assignment or function call and instead saw an expression.  @typescript-eslint/no-unused-expressions
10:2058  Warning: Expected an assignment or function call and instead saw an expression.  @typescript-eslint/no-unused-expressions
11:743  Warning: Expected an assignment or function call and instead saw an expression.  @typescript-eslint/no-unused-expressions
11:1332  Warning: Expected an assignment or function call and instead saw an expression.  @typescript-eslint/no-unused-expressions
11:1445  Warning: Expected an assignment or function call and instead saw an expression.  @typescript-eslint/no-unused-expressions
11:2358  Error: Unexpected aliasing of 'this' to local variable.  @typescript-eslint/no-this-alias
11:3260  Warning: Expected an assignment or function call and instead saw an expression.  @typescript-eslint/no-unused-expressions
11:3354  Warning: Expected an assignment or function call and instead saw an expression.  @typescript-eslint/no-unused-expressions
11:3719  Warning: Expected an assignment or function call and instead saw an expression.  @typescript-eslint/no-unused-expressions
11:4868  Warning: Expected an assignment or function call and instead saw an expression.  @typescript-eslint/no-unused-expressions
11:5294  Warning: Expected an assignment or function call and instead saw an expression.  @typescript-eslint/no-unused-expressions
12:807  Warning: Expected an assignment or function call and instead saw an expression.  @typescript-eslint/no-unused-expressions
12:1129  Warning: Expected an assignment or function call and instead saw an expression.  @typescript-eslint/no-unused-expressions
12:1412  Warning: Expected an assignment or function call and instead saw an expression.  @typescript-eslint/no-unused-expressions
12:2157  Warning: Expected an assignment or function call and instead saw an expression.  @typescript-eslint/no-unused-expressions
12:2426  Warning: Expected an assignment or function call and instead saw an expression.  @typescript-eslint/no-unused-expressions
12:2741  Warning: Expected an assignment or function call and instead saw an expression.  @typescript-eslint/no-unused-expressions
12:4062  Warning: Expected an assignment or function call and instead saw an expression.  @typescript-eslint/no-unused-expressions
12:4411  Warning: Expected an assignment or function call and instead saw an expression.  @typescript-eslint/no-unused-expressions
12:4899  Warning: Expected an assignment or function call and instead saw an expression.  @typescript-eslint/no-unused-expressions
12:5293  Warning: Expected an assignment or function call and instead saw an expression.  @typescript-eslint/no-unused-expressions
12:5947  Warning: Expected an assignment or function call and instead saw an expression.  @typescript-eslint/no-unused-expressions
12:6581  Warning: Expected an assignment or function call and instead saw an expression.  @typescript-eslint/no-unused-expressions
12:6679  Warning: Expected an assignment or function call and instead saw an expression.  @typescript-eslint/no-unused-expressions
12:6792  Warning: Expected an assignment or function call and instead saw an expression.  @typescript-eslint/no-unused-expressions
12:6899  Warning: Expected an assignment or function call and instead saw an expression.  @typescript-eslint/no-unused-expressions
12:7555  Warning: Expected an assignment or function call and instead saw an expression.  @typescript-eslint/no-unused-expressions
12:8024  Warning: Expected an assignment or function call and instead saw an expression.  @typescript-eslint/no-unused-expressions
12:8168  Warning: Expected an assignment or function call and instead saw an expression.  @typescript-eslint/no-unused-expressions
12:8495  Warning: Expected an assignment or function call and instead saw an expression.  @typescript-eslint/no-unused-expressions
12:9306  Warning: Expected an assignment or function call and instead saw an expression.  @typescript-eslint/no-unused-expressions
13:7031  Warning: Expected an assignment or function call and instead saw an expression.  @typescript-eslint/no-unused-expressions
13:7296  Warning: Expected an assignment or function call and instead saw an expression.  @typescript-eslint/no-unused-expressions
13:8842  Warning: Expected an assignment or function call and instead saw an expression.  @typescript-eslint/no-unused-expressions
13:9768  Warning: Expected an assignment or function call and instead saw an expression.  @typescript-eslint/no-unused-expressions
13:9980  Warning: Expected an assignment or function call and instead saw an expression.  @typescript-eslint/no-unused-expressions
13:12845  Warning: Expected an assignment or function call and instead saw an expression.  @typescript-eslint/no-unused-expressions
13:13424  Warning: Expected an assignment or function call and instead saw an expression.  @typescript-eslint/no-unused-expressions
13:13629  Warning: Expected an assignment or function call and instead saw an expression.  @typescript-eslint/no-unused-expressions
13:13713  Warning: Expected an assignment or function call and instead saw an expression.  @typescript-eslint/no-unused-expressions
15:3460  Warning: Expected an assignment or function call and instead saw an expression.  @typescript-eslint/no-unused-expressions
15:3502  Warning: Expected an assignment or function call and instead saw an expression.  @typescript-eslint/no-unused-expressions
15:7217  Warning: Expected an assignment or function call and instead saw an expression.  @typescript-eslint/no-unused-expressions
15:7308  Warning: Expected an assignment or function call and instead saw an expression.  @typescript-eslint/no-unused-expressions
15:7334  Warning: Expected an assignment or function call and instead saw an expression.  @typescript-eslint/no-unused-expressions
15:9411  Warning: Expected an assignment or function call and instead saw an expression.  @typescript-eslint/no-unused-expressions
63:2206  Warning: 'n' is defined but never used.  @typescript-eslint/no-unused-vars
63:2753  Warning: 't' is defined but never used.  @typescript-eslint/no-unused-vars
63:3080  Warning: 't' is defined but never used.  @typescript-eslint/no-unused-vars
63:3757  Warning: 'Tk' is assigned a value but never used.  @typescript-eslint/no-unused-vars
63:4233  Warning: 'r' is defined but never used.  @typescript-eslint/no-unused-vars
63:4236  Warning: Expected an assignment or function call and instead saw an expression.  @typescript-eslint/no-unused-expressions
63:4575  Warning: Expected an assignment or function call and instead saw an expression.  @typescript-eslint/no-unused-expressions
63:5486  Warning: Expected an assignment or function call and instead saw an expression.  @typescript-eslint/no-unused-expressions
63:5805  Warning: Expected an assignment or function call and instead saw an expression.  @typescript-eslint/no-unused-expressions
63:6369  Warning: Expected an assignment or function call and instead saw an expression.  @typescript-eslint/no-unused-expressions
63:6835  Warning: Expected an assignment or function call and instead saw an expression.  @typescript-eslint/no-unused-expressions
63:7004  Warning: Expected an assignment or function call and instead saw an expression.  @typescript-eslint/no-unused-expressions
63:7120  Warning: Expected an assignment or function call and instead saw an expression.  @typescript-eslint/no-unused-expressions
63:7687  Warning: Expected an assignment or function call and instead saw an expression.  @typescript-eslint/no-unused-expressions
63:8914  Warning: Expected an assignment or function call and instead saw an expression.  @typescript-eslint/no-unused-expressions
63:9643  Warning: Expected an assignment or function call and instead saw an expression.  @typescript-eslint/no-unused-expressions
63:9737  Warning: Expected an assignment or function call and instead saw an expression.  @typescript-eslint/no-unused-expressions
63:9854  Warning: Expected an assignment or function call and instead saw an expression.  @typescript-eslint/no-unused-expressions
63:10647  Warning: Expected an assignment or function call and instead saw an expression.  @typescript-eslint/no-unused-expressions
64:197  Warning: Expected an assignment or function call and instead saw an expression.  @typescript-eslint/no-unused-expressions
65:88  Warning: Expected an assignment or function call and instead saw an expression.  @typescript-eslint/no-unused-expressions
65:276  Warning: Expected an assignment or function call and instead saw an expression.  @typescript-eslint/no-unused-expressions
65:1613  Warning: 'a' is assigned a value but never used.  @typescript-eslint/no-unused-vars
65:1629  Warning: 'l' is assigned a value but never used.  @typescript-eslint/no-unused-vars
65:1644  Warning: 'u' is assigned a value but never used.  @typescript-eslint/no-unused-vars
65:1659  Warning: 'g' is assigned a value but never used.  @typescript-eslint/no-unused-vars
72:72  Warning: Expected an assignment or function call and instead saw an expression.  @typescript-eslint/no-unused-expressions
72:171  Warning: Expected an assignment or function call and instead saw an expression.  @typescript-eslint/no-unused-expressions
72:264  Warning: Expected an assignment or function call and instead saw an expression.  @typescript-eslint/no-unused-expressions
72:380  Warning: Expected an assignment or function call and instead saw an expression.  @typescript-eslint/no-unused-expressions
72:463  Warning: Expected an assignment or function call and instead saw an expression.  @typescript-eslint/no-unused-expressions
72:3533  Warning: Expected an assignment or function call and instead saw an expression.  @typescript-eslint/no-unused-expressions
72:3751  Warning: Expected an assignment or function call and instead saw an expression.  @typescript-eslint/no-unused-expressions
72:3836  Warning: Expected an assignment or function call and instead saw an expression.  @typescript-eslint/no-unused-expressions
72:4139  Warning: Expected an assignment or function call and instead saw an expression.  @typescript-eslint/no-unused-expressions
72:5302  Warning: Expected an assignment or function call and instead saw an expression.  @typescript-eslint/no-unused-expressions
72:8934  Warning: Expected an assignment or function call and instead saw an expression.  @typescript-eslint/no-unused-expressions
77:1875  Warning: Expected an assignment or function call and instead saw an expression.  @typescript-eslint/no-unused-expressions
77:3177  Warning: Expected an assignment or function call and instead saw an expression.  @typescript-eslint/no-unused-expressions
77:3310  Warning: Expected an assignment or function call and instead saw an expression.  @typescript-eslint/no-unused-expressions
77:3496  Warning: Expected an assignment or function call and instead saw an expression.  @typescript-eslint/no-unused-expressions
77:3695  Warning: Expected an assignment or function call and instead saw an expression.  @typescript-eslint/no-unused-expressions
81:151  Warning: Expected an assignment or function call and instead saw an expression.  @typescript-eslint/no-unused-expressions
81:200  Warning: Expected an assignment or function call and instead saw an expression.  @typescript-eslint/no-unused-expressions
81:257  Warning: Expected an assignment or function call and instead saw an expression.  @typescript-eslint/no-unused-expressions
81:296  Warning: Expected an assignment or function call and instead saw an expression.  @typescript-eslint/no-unused-expressions
81:368  Warning: Expected an assignment or function call and instead saw an expression.  @typescript-eslint/no-unused-expressions
81:903  Warning: Expected an assignment or function call and instead saw an expression.  @typescript-eslint/no-unused-expressions
81:994  Warning: Expected an assignment or function call and instead saw an expression.  @typescript-eslint/no-unused-expressions
81:1182  Warning: 'o' is assigned a value but never used.  @typescript-eslint/no-unused-vars
81:2062  Warning: Expected an assignment or function call and instead saw an expression.  @typescript-eslint/no-unused-expressions
81:2134  Warning: Expected an assignment or function call and instead saw an expression.  @typescript-eslint/no-unused-expressions
81:3983  Warning: Expected an assignment or function call and instead saw an expression.  @typescript-eslint/no-unused-expressions
81:8049  Warning: Expected an assignment or function call and instead saw an expression.  @typescript-eslint/no-unused-expressions
81:8418  Warning: Expected an assignment or function call and instead saw an expression.  @typescript-eslint/no-unused-expressions
81:9378  Warning: Expected an assignment or function call and instead saw an expression.  @typescript-eslint/no-unused-expressions
82:995  Warning: Expected an assignment or function call and instead saw an expression.  @typescript-eslint/no-unused-expressions

./src/generated/prisma/runtime/wasm-compiler-edge.js
4:441  Warning: Expected an assignment or function call and instead saw an expression.  @typescript-eslint/no-unused-expressions
4:1926  Warning: Expected an assignment or function call and instead saw an expression.  @typescript-eslint/no-unused-expressions
4:2127  Warning: Expected an assignment or function call and instead saw an expression.  @typescript-eslint/no-unused-expressions
4:4096  Warning: Expected an assignment or function call and instead saw an expression.  @typescript-eslint/no-unused-expressions
4:5132  Warning: Expected an assignment or function call and instead saw an expression.  @typescript-eslint/no-unused-expressions
4:5373  Warning: Expected an assignment or function call and instead saw an expression.  @typescript-eslint/no-unused-expressions
4:5628  Warning: Expected an assignment or function call and instead saw an expression.  @typescript-eslint/no-unused-expressions
4:5874  Warning: Expected an assignment or function call and instead saw an expression.  @typescript-eslint/no-unused-expressions
4:6284  Warning: Expected an assignment or function call and instead saw an expression.  @typescript-eslint/no-unused-expressions
4:6438  Warning: Expected an assignment or function call and instead saw an expression.  @typescript-eslint/no-unused-expressions
4:6546  Warning: Expected an assignment or function call and instead saw an expression.  @typescript-eslint/no-unused-expressions
4:6697  Warning: Expected an assignment or function call and instead saw an expression.  @typescript-eslint/no-unused-expressions
4:7695  Warning: Expected an assignment or function call and instead saw an expression.  @typescript-eslint/no-unused-expressions
4:7840  Warning: Expected an assignment or function call and instead saw an expression.  @typescript-eslint/no-unused-expressions
4:10070  Warning: Expected an assignment or function call and instead saw an expression.  @typescript-eslint/no-unused-expressions
4:10508  Warning: Expected an assignment or function call and instead saw an expression.  @typescript-eslint/no-unused-expressions
4:10619  Warning: 'x' is assigned a value but never used.  @typescript-eslint/no-unused-vars
4:10644  Warning: Expected an assignment or function call and instead saw an expression.  @typescript-eslint/no-unused-expressions
4:11338  Warning: Expected an assignment or function call and instead saw an expression.  @typescript-eslint/no-unused-expressions
4:11598  Warning: Expected an assignment or function call and instead saw an expression.  @typescript-eslint/no-unused-expressions
4:11640  Warning: Expected an assignment or function call and instead saw an expression.  @typescript-eslint/no-unused-expressions
4:11925  Warning: Expected an assignment or function call and instead saw an expression.  @typescript-eslint/no-unused-expressions
4:12781  Warning: Expected an assignment or function call and instead saw an expression.  @typescript-eslint/no-unused-expressions
4:12822  Warning: Expected an assignment or function call and instead saw an expression.  @typescript-eslint/no-unused-expressions
4:13271  Warning: Expected an assignment or function call and instead saw an expression.  @typescript-eslint/no-unused-expressions
4:13669  Warning: Expected an assignment or function call and instead saw an expression.  @typescript-eslint/no-unused-expressions
4:13782  Warning: Expected an assignment or function call and instead saw an expression.  @typescript-eslint/no-unused-expressions
4:13899  Warning: Expected an assignment or function call and instead saw an expression.  @typescript-eslint/no-unused-expressions
4:14004  Warning: Expected an assignment or function call and instead saw an expression.  @typescript-eslint/no-unused-expressions
4:14436  Warning: Expected an assignment or function call and instead saw an expression.  @typescript-eslint/no-unused-expressions
4:14503  Warning: Expected an assignment or function call and instead saw an expression.  @typescript-eslint/no-unused-expressions
4:15167  Warning: Expected an assignment or function call and instead saw an expression.  @typescript-eslint/no-unused-expressions
4:15760  Error: Unexpected aliasing of 'this' to local variable.  @typescript-eslint/no-this-alias
4:15839  Warning: Expected an assignment or function call and instead saw an expression.  @typescript-eslint/no-unused-expressions
4:15963  Warning: Expected an assignment or function call and instead saw an expression.  @typescript-eslint/no-unused-expressions
4:15980  Warning: Expected an assignment or function call and instead saw an expression.  @typescript-eslint/no-unused-expressions
4:16026  Warning: Expected an assignment or function call and instead saw an expression.  @typescript-eslint/no-unused-expressions
4:16513  Warning: Expected an assignment or function call and instead saw an expression.  @typescript-eslint/no-unused-expressions
4:17070  Warning: Expected an assignment or function call and instead saw an expression.  @typescript-eslint/no-unused-expressions
4:17585  Error: Unexpected aliasing of 'this' to local variable.  @typescript-eslint/no-this-alias
4:17854  Error: Unexpected aliasing of 'this' to local variable.  @typescript-eslint/no-this-alias
4:18056  Error: Unexpected aliasing of 'this' to local variable.  @typescript-eslint/no-this-alias
4:18667  Error: Unexpected aliasing of 'this' to local variable.  @typescript-eslint/no-this-alias
4:18941  Error: Unexpected aliasing of 'this' to local variable.  @typescript-eslint/no-this-alias
4:19048  Error: Unexpected aliasing of 'this' to local variable.  @typescript-eslint/no-this-alias
4:19416  Error: Unexpected aliasing of 'this' to local variable.  @typescript-eslint/no-this-alias
4:19529  Error: Unexpected aliasing of 'this' to local variable.  @typescript-eslint/no-this-alias
4:19758  Error: Unexpected aliasing of 'this' to local variable.  @typescript-eslint/no-this-alias
4:20352  Error: Unexpected aliasing of 'this' to local variable.  @typescript-eslint/no-this-alias
4:20570  Warning: Expected an assignment or function call and instead saw an expression.  @typescript-eslint/no-unused-expressions
4:20757  Error: Unexpected aliasing of 'this' to local variable.  @typescript-eslint/no-this-alias
4:20911  Error: Unexpected aliasing of 'this' to local variable.  @typescript-eslint/no-this-alias
4:21080  Error: Unexpected aliasing of 'this' to local variable.  @typescript-eslint/no-this-alias
4:21292  Error: Unexpected aliasing of 'this' to local variable.  @typescript-eslint/no-this-alias
4:21432  Error: Unexpected aliasing of 'this' to local variable.  @typescript-eslint/no-this-alias
4:21775  Warning: Expected an assignment or function call and instead saw an expression.  @typescript-eslint/no-unused-expressions
4:22005  Error: Unexpected aliasing of 'this' to local variable.  @typescript-eslint/no-this-alias
4:22244  Error: Unexpected aliasing of 'this' to local variable.  @typescript-eslint/no-this-alias
4:22473  Error: Unexpected aliasing of 'this' to local variable.  @typescript-eslint/no-this-alias
4:22618  Warning: Expected an assignment or function call and instead saw an expression.  @typescript-eslint/no-unused-expressions
4:22827  Warning: Expected an assignment or function call and instead saw an expression.  @typescript-eslint/no-unused-expressions
4:23342  Warning: Expected an assignment or function call and instead saw an expression.  @typescript-eslint/no-unused-expressions
4:23505  Warning: Expected an assignment or function call and instead saw an expression.  @typescript-eslint/no-unused-expressions
4:23560  Warning: Expected an assignment or function call and instead saw an expression.  @typescript-eslint/no-unused-expressions
4:24091  Warning: Expected an assignment or function call and instead saw an expression.  @typescript-eslint/no-unused-expressions
4:24928  Warning: Expected an assignment or function call and instead saw an expression.  @typescript-eslint/no-unused-expressions
4:25596  Warning: Expected an assignment or function call and instead saw an expression.  @typescript-eslint/no-unused-expressions
4:25741  Warning: Expected an assignment or function call and instead saw an expression.  @typescript-eslint/no-unused-expressions
4:25755  Warning: Expected an assignment or function call and instead saw an expression.  @typescript-eslint/no-unused-expressions
4:28652  Warning: Expected an assignment or function call and instead saw an expression.  @typescript-eslint/no-unused-expressions
4:28819  Warning: Expected an assignment or function call and instead saw an expression.  @typescript-eslint/no-unused-expressions
4:31108  Warning: Expected an assignment or function call and instead saw an expression.  @typescript-eslint/no-unused-expressions
4:31190  Warning: Expected an assignment or function call and instead saw an expression.  @typescript-eslint/no-unused-expressions
4:31343  Warning: Expected an assignment or function call and instead saw an expression.  @typescript-eslint/no-unused-expressions
4:31542  Warning: Expected an assignment or function call and instead saw an expression.  @typescript-eslint/no-unused-expressions
4:31704  Warning: Expected an assignment or function call and instead saw an expression.  @typescript-eslint/no-unused-expressions
4:32795  Warning: Expected an assignment or function call and instead saw an expression.  @typescript-eslint/no-unused-expressions
4:34073  Warning: 't' is defined but never used.  @typescript-eslint/no-unused-vars
4:37194  Warning: Expected an assignment or function call and instead saw an expression.  @typescript-eslint/no-unused-expressions
4:37521  Warning: Expected an assignment or function call and instead saw an expression.  @typescript-eslint/no-unused-expressions
4:37617  Warning: Expected an assignment or function call and instead saw an expression.  @typescript-eslint/no-unused-expressions
4:38950  Warning: Expected an assignment or function call and instead saw an expression.  @typescript-eslint/no-unused-expressions
4:39046  Warning: Expected an assignment or function call and instead saw an expression.  @typescript-eslint/no-unused-expressions
4:39522  Warning: Expected an assignment or function call and instead saw an expression.  @typescript-eslint/no-unused-expressions
4:39628  Warning: Expected an assignment or function call and instead saw an expression.  @typescript-eslint/no-unused-expressions
4:39771  Warning: Expected an assignment or function call and instead saw an expression.  @typescript-eslint/no-unused-expressions
4:40129  Warning: Expected an assignment or function call and instead saw an expression.  @typescript-eslint/no-unused-expressions
4:40205  Warning: Expected an assignment or function call and instead saw an expression.  @typescript-eslint/no-unused-expressions
4:40527  Warning: Expected an assignment or function call and instead saw an expression.  @typescript-eslint/no-unused-expressions
4:40661  Warning: Expected an assignment or function call and instead saw an expression.  @typescript-eslint/no-unused-expressions
4:40744  Warning: Expected an assignment or function call and instead saw an expression.  @typescript-eslint/no-unused-expressions
4:40863  Warning: Expected an assignment or function call and instead saw an expression.  @typescript-eslint/no-unused-expressions
4:40927  Warning: Expected an assignment or function call and instead saw an expression.  @typescript-eslint/no-unused-expressions
4:41395  Warning: Expected an assignment or function call and instead saw an expression.  @typescript-eslint/no-unused-expressions
4:44677  Warning: 'e' is defined but never used.  @typescript-eslint/no-unused-vars
4:44786  Warning: Expected an assignment or function call and instead saw an expression.  @typescript-eslint/no-unused-expressions
4:45151  Warning: 'Lg' is assigned a value but never used.  @typescript-eslint/no-unused-vars
4:45183  Warning: 'Ug' is assigned a value but never used.  @typescript-eslint/no-unused-vars
4:45205  Warning: 'Fg' is assigned a value but never used.  @typescript-eslint/no-unused-vars
4:45216  Warning: '$g' is assigned a value but never used.  @typescript-eslint/no-unused-vars
4:45227  Warning: 'Vg' is assigned a value but never used.  @typescript-eslint/no-unused-vars
4:45238  Warning: 'qg' is assigned a value but never used.  @typescript-eslint/no-unused-vars
4:45298  Warning: 'Bg' is assigned a value but never used.  @typescript-eslint/no-unused-vars
4:45322  Warning: 'jg' is assigned a value but never used.  @typescript-eslint/no-unused-vars
4:45346  Warning: 'Qg' is assigned a value but never used.  @typescript-eslint/no-unused-vars
4:45358  Warning: 'Hg' is assigned a value but never used.  @typescript-eslint/no-unused-vars
4:45370  Warning: 'Gg' is assigned a value but never used.  @typescript-eslint/no-unused-vars
4:45382  Warning: 'Jg' is assigned a value but never used.  @typescript-eslint/no-unused-vars
4:45394  Warning: 'Wg' is assigned a value but never used.  @typescript-eslint/no-unused-vars
4:45406  Warning: 'Kg' is assigned a value but never used.  @typescript-eslint/no-unused-vars
4:45418  Warning: 'zg' is assigned a value but never used.  @typescript-eslint/no-unused-vars
4:45430  Warning: 'Yg' is assigned a value but never used.  @typescript-eslint/no-unused-vars
4:45442  Warning: 'Zg' is assigned a value but never used.  @typescript-eslint/no-unused-vars
4:45711  Warning: Expected an assignment or function call and instead saw an expression.  @typescript-eslint/no-unused-expressions
4:46332  Warning: 's' is assigned a value but never used.  @typescript-eslint/no-unused-vars
4:46488  Warning: Expected an assignment or function call and instead saw an expression.  @typescript-eslint/no-unused-expressions
5:1615  Warning: Expected an assignment or function call and instead saw an expression.  @typescript-eslint/no-unused-expressions
5:2675  Warning: Expected an assignment or function call and instead saw an expression.  @typescript-eslint/no-unused-expressions
5:2859  Warning: Expected an assignment or function call and instead saw an expression.  @typescript-eslint/no-unused-expressions
5:2975  Warning: Expected an assignment or function call and instead saw an expression.  @typescript-eslint/no-unused-expressions
5:3355  Warning: Expected an assignment or function call and instead saw an expression.  @typescript-eslint/no-unused-expressions
5:3718  Warning: Expected an assignment or function call and instead saw an expression.  @typescript-eslint/no-unused-expressions
5:4017  Warning: Expected an assignment or function call and instead saw an expression.  @typescript-eslint/no-unused-expressions
5:4414  Warning: Expected an assignment or function call and instead saw an expression.  @typescript-eslint/no-unused-expressions
5:6401  Warning: 'ap' is assigned a value but never used.  @typescript-eslint/no-unused-vars
5:7149  Warning: Expected an assignment or function call and instead saw an expression.  @typescript-eslint/no-unused-expressions
5:7221  Warning: Expected an assignment or function call and instead saw an expression.  @typescript-eslint/no-unused-expressions
6:387  Warning: Expected an assignment or function call and instead saw an expression.  @typescript-eslint/no-unused-expressions
6:688  Warning: Expected an assignment or function call and instead saw an expression.  @typescript-eslint/no-unused-expressions
6:1475  Warning: Expected an assignment or function call and instead saw an expression.  @typescript-eslint/no-unused-expressions
6:2044  Warning: Expected an assignment or function call and instead saw an expression.  @typescript-eslint/no-unused-expressions
6:2144  Warning: Expected an assignment or function call and instead saw an expression.  @typescript-eslint/no-unused-expressions
7:759  Warning: Expected an assignment or function call and instead saw an expression.  @typescript-eslint/no-unused-expressions
7:1352  Warning: Expected an assignment or function call and instead saw an expression.  @typescript-eslint/no-unused-expressions
7:1465  Warning: Expected an assignment or function call and instead saw an expression.  @typescript-eslint/no-unused-expressions
7:2378  Error: Unexpected aliasing of 'this' to local variable.  @typescript-eslint/no-this-alias
7:3280  Warning: Expected an assignment or function call and instead saw an expression.  @typescript-eslint/no-unused-expressions
7:3374  Warning: Expected an assignment or function call and instead saw an expression.  @typescript-eslint/no-unused-expressions
7:3744  Warning: Expected an assignment or function call and instead saw an expression.  @typescript-eslint/no-unused-expressions
7:4897  Warning: Expected an assignment or function call and instead saw an expression.  @typescript-eslint/no-unused-expressions
7:5323  Warning: Expected an assignment or function call and instead saw an expression.  @typescript-eslint/no-unused-expressions
8:807  Warning: Expected an assignment or function call and instead saw an expression.  @typescript-eslint/no-unused-expressions
8:1129  Warning: Expected an assignment or function call and instead saw an expression.  @typescript-eslint/no-unused-expressions
8:1412  Warning: Expected an assignment or function call and instead saw an expression.  @typescript-eslint/no-unused-expressions
8:2157  Warning: Expected an assignment or function call and instead saw an expression.  @typescript-eslint/no-unused-expressions
8:2426  Warning: Expected an assignment or function call and instead saw an expression.  @typescript-eslint/no-unused-expressions
8:2741  Warning: Expected an assignment or function call and instead saw an expression.  @typescript-eslint/no-unused-expressions
8:4063  Warning: Expected an assignment or function call and instead saw an expression.  @typescript-eslint/no-unused-expressions
8:4412  Warning: Expected an assignment or function call and instead saw an expression.  @typescript-eslint/no-unused-expressions
8:4900  Warning: Expected an assignment or function call and instead saw an expression.  @typescript-eslint/no-unused-expressions
8:5295  Warning: Expected an assignment or function call and instead saw an expression.  @typescript-eslint/no-unused-expressions
8:5949  Warning: Expected an assignment or function call and instead saw an expression.  @typescript-eslint/no-unused-expressions
8:6583  Warning: Expected an assignment or function call and instead saw an expression.  @typescript-eslint/no-unused-expressions
8:6681  Warning: Expected an assignment or function call and instead saw an expression.  @typescript-eslint/no-unused-expressions
8:6794  Warning: Expected an assignment or function call and instead saw an expression.  @typescript-eslint/no-unused-expressions
8:6901  Warning: Expected an assignment or function call and instead saw an expression.  @typescript-eslint/no-unused-expressions
8:7557  Warning: Expected an assignment or function call and instead saw an expression.  @typescript-eslint/no-unused-expressions
8:8026  Warning: Expected an assignment or function call and instead saw an expression.  @typescript-eslint/no-unused-expressions
8:8178  Warning: Expected an assignment or function call and instead saw an expression.  @typescript-eslint/no-unused-expressions
8:8509  Warning: Expected an assignment or function call and instead saw an expression.  @typescript-eslint/no-unused-expressions
8:9324  Warning: Expected an assignment or function call and instead saw an expression.  @typescript-eslint/no-unused-expressions
9:7060  Warning: Expected an assignment or function call and instead saw an expression.  @typescript-eslint/no-unused-expressions
9:7325  Warning: Expected an assignment or function call and instead saw an expression.  @typescript-eslint/no-unused-expressions
9:8864  Warning: Expected an assignment or function call and instead saw an expression.  @typescript-eslint/no-unused-expressions
9:9790  Warning: Expected an assignment or function call and instead saw an expression.  @typescript-eslint/no-unused-expressions
9:10002  Warning: Expected an assignment or function call and instead saw an expression.  @typescript-eslint/no-unused-expressions
9:12639  Warning: 'e' is defined but never used.  @typescript-eslint/no-unused-vars
9:12730  Warning: 'Ni' is defined but never used.  @typescript-eslint/no-unused-vars
9:12882  Warning: Expected an assignment or function call and instead saw an expression.  @typescript-eslint/no-unused-expressions
9:13473  Warning: Expected an assignment or function call and instead saw an expression.  @typescript-eslint/no-unused-expressions
9:13678  Warning: Expected an assignment or function call and instead saw an expression.  @typescript-eslint/no-unused-expressions
9:13762  Warning: Expected an assignment or function call and instead saw an expression.  @typescript-eslint/no-unused-expressions
10:1298  Warning: Expected an assignment or function call and instead saw an expression.  @typescript-eslint/no-unused-expressions
10:1340  Warning: Expected an assignment or function call and instead saw an expression.  @typescript-eslint/no-unused-expressions
10:5083  Warning: Expected an assignment or function call and instead saw an expression.  @typescript-eslint/no-unused-expressions
10:5174  Warning: Expected an assignment or function call and instead saw an expression.  @typescript-eslint/no-unused-expressions
10:5200  Warning: Expected an assignment or function call and instead saw an expression.  @typescript-eslint/no-unused-expressions
10:7297  Warning: Expected an assignment or function call and instead saw an expression.  @typescript-eslint/no-unused-expressions
58:2394  Warning: Expected an assignment or function call and instead saw an expression.  @typescript-eslint/no-unused-expressions
58:12335  Warning: Expected an assignment or function call and instead saw an expression.  @typescript-eslint/no-unused-expressions
58:14121  Warning: Expected an assignment or function call and instead saw an expression.  @typescript-eslint/no-unused-expressions
58:14459  Warning: Expected an assignment or function call and instead saw an expression.  @typescript-eslint/no-unused-expressions
58:14905  Warning: Expected an assignment or function call and instead saw an expression.  @typescript-eslint/no-unused-expressions
58:15051  Warning: 'e' is defined but never used.  @typescript-eslint/no-unused-vars
58:16023  Warning: Expected an assignment or function call and instead saw an expression.  @typescript-eslint/no-unused-expressions
58:17339  Warning: Expected an assignment or function call and instead saw an expression.  @typescript-eslint/no-unused-expressions
58:17644  Warning: Expected an assignment or function call and instead saw an expression.  @typescript-eslint/no-unused-expressions
58:18167  Warning: Expected an assignment or function call and instead saw an expression.  @typescript-eslint/no-unused-expressions
58:19832  Warning: Expected an assignment or function call and instead saw an expression.  @typescript-eslint/no-unused-expressions
58:19962  Warning: Expected an assignment or function call and instead saw an expression.  @typescript-eslint/no-unused-expressions
58:22715  Warning: Expected an assignment or function call and instead saw an expression.  @typescript-eslint/no-unused-expressions
58:22944  Warning: Expected an assignment or function call and instead saw an expression.  @typescript-eslint/no-unused-expressions
58:23435  Warning: Expected an assignment or function call and instead saw an expression.  @typescript-eslint/no-unused-expressions
58:23750  Warning: 'f' is assigned a value but never used.  @typescript-eslint/no-unused-vars
58:23765  Warning: Expected an assignment or function call and instead saw an expression.  @typescript-eslint/no-unused-expressions
58:24196  Warning: Expected an assignment or function call and instead saw an expression.  @typescript-eslint/no-unused-expressions
58:24293  Warning: Expected an assignment or function call and instead saw an expression.  @typescript-eslint/no-unused-expressions
58:29873  Warning: Expected an assignment or function call and instead saw an expression.  @typescript-eslint/no-unused-expressions
58:31441  Warning: Expected an assignment or function call and instead saw an expression.  @typescript-eslint/no-unused-expressions
58:35300  Warning: Expected an assignment or function call and instead saw an expression.  @typescript-eslint/no-unused-expressions
58:35488  Warning: Expected an assignment or function call and instead saw an expression.  @typescript-eslint/no-unused-expressions
58:38011  Warning: Expected an assignment or function call and instead saw an expression.  @typescript-eslint/no-unused-expressions
58:40316  Warning: Expected an assignment or function call and instead saw an expression.  @typescript-eslint/no-unused-expressions
58:40732  Warning: Expected an assignment or function call and instead saw an expression.  @typescript-eslint/no-unused-expressions
58:40966  Warning: Expected an assignment or function call and instead saw an expression.  @typescript-eslint/no-unused-expressions
58:41069  Warning: Expected an assignment or function call and instead saw an expression.  @typescript-eslint/no-unused-expressions
58:41249  Warning: Expected an assignment or function call and instead saw an expression.  @typescript-eslint/no-unused-expressions
58:41835  Warning: Expected an assignment or function call and instead saw an expression.  @typescript-eslint/no-unused-expressions
58:41933  Warning: Expected an assignment or function call and instead saw an expression.  @typescript-eslint/no-unused-expressions
61:408  Warning: Expected an assignment or function call and instead saw an expression.  @typescript-eslint/no-unused-expressions
61:569  Warning: Expected an assignment or function call and instead saw an expression.  @typescript-eslint/no-unused-expressions
61:1559  Warning: Expected an assignment or function call and instead saw an expression.  @typescript-eslint/no-unused-expressions
61:1881  Warning: Expected an assignment or function call and instead saw an expression.  @typescript-eslint/no-unused-expressions
61:2195  Warning: Expected an assignment or function call and instead saw an expression.  @typescript-eslint/no-unused-expressions
61:2728  Warning: Expected an assignment or function call and instead saw an expression.  @typescript-eslint/no-unused-expressions
61:2943  Warning: Expected an assignment or function call and instead saw an expression.  @typescript-eslint/no-unused-expressions
61:3977  Warning: Expected an assignment or function call and instead saw an expression.  @typescript-eslint/no-unused-expressions
61:4214  Warning: Expected an assignment or function call and instead saw an expression.  @typescript-eslint/no-unused-expressions
61:4696  Warning: Expected an assignment or function call and instead saw an expression.  @typescript-eslint/no-unused-expressions
61:5256  Warning: Expected an assignment or function call and instead saw an expression.  @typescript-eslint/no-unused-expressions
61:5378  Warning: Expected an assignment or function call and instead saw an expression.  @typescript-eslint/no-unused-expressions
61:5788  Warning: Expected an assignment or function call and instead saw an expression.  @typescript-eslint/no-unused-expressions
61:5999  Warning: Expected an assignment or function call and instead saw an expression.  @typescript-eslint/no-unused-expressions
61:7056  Warning: Expected an assignment or function call and instead saw an expression.  @typescript-eslint/no-unused-expressions
61:7330  Warning: Expected an assignment or function call and instead saw an expression.  @typescript-eslint/no-unused-expressions
61:7898  Warning: Expected an assignment or function call and instead saw an expression.  @typescript-eslint/no-unused-expressions
61:8916  Warning: Expected an assignment or function call and instead saw an expression.  @typescript-eslint/no-unused-expressions
62:1136  Warning: Expected an assignment or function call and instead saw an expression.  @typescript-eslint/no-unused-expressions
62:2629  Warning: Expected an assignment or function call and instead saw an expression.  @typescript-eslint/no-unused-expressions
62:3144  Warning: Expected an assignment or function call and instead saw an expression.  @typescript-eslint/no-unused-expressions
62:3634  Warning: 't' is defined but never used.  @typescript-eslint/no-unused-vars
62:4964  Warning: Expected an assignment or function call and instead saw an expression.  @typescript-eslint/no-unused-expressions
62:5462  Warning: Expected an assignment or function call and instead saw an expression.  @typescript-eslint/no-unused-expressions
62:5639  Warning: Expected an assignment or function call and instead saw an expression.  @typescript-eslint/no-unused-expressions
62:5852  Warning: Expected an assignment or function call and instead saw an expression.  @typescript-eslint/no-unused-expressions
62:6995  Warning: Expected an assignment or function call and instead saw an expression.  @typescript-eslint/no-unused-expressions
62:10267  Warning: Expected an assignment or function call and instead saw an expression.  @typescript-eslint/no-unused-expressions
63:1734  Warning: Expected an assignment or function call and instead saw an expression.  @typescript-eslint/no-unused-expressions
63:2110  Warning: Expected an assignment or function call and instead saw an expression.  @typescript-eslint/no-unused-expressions
63:2234  Warning: Expected an assignment or function call and instead saw an expression.  @typescript-eslint/no-unused-expressions
63:2627  Warning: Expected an assignment or function call and instead saw an expression.  @typescript-eslint/no-unused-expressions
63:3093  Warning: Expected an assignment or function call and instead saw an expression.  @typescript-eslint/no-unused-expressions
63:3660  Warning: Expected an assignment or function call and instead saw an expression.  @typescript-eslint/no-unused-expressions
63:4936  Warning: Expected an assignment or function call and instead saw an expression.  @typescript-eslint/no-unused-expressions
63:5801  Warning: Expected an assignment or function call and instead saw an expression.  @typescript-eslint/no-unused-expressions
63:6179  Warning: Expected an assignment or function call and instead saw an expression.  @typescript-eslint/no-unused-expressions
64:88  Warning: Expected an assignment or function call and instead saw an expression.  @typescript-eslint/no-unused-expressions
64:276  Warning: Expected an assignment or function call and instead saw an expression.  @typescript-eslint/no-unused-expressions
64:1619  Warning: 'a' is assigned a value but never used.  @typescript-eslint/no-unused-vars
64:1635  Warning: 'f' is assigned a value but never used.  @typescript-eslint/no-unused-vars
64:1879  Warning: 'r' is defined but never used.  @typescript-eslint/no-unused-vars
64:1881  Warning: 'n' is defined but never used.  @typescript-eslint/no-unused-vars
73:72  Warning: Expected an assignment or function call and instead saw an expression.  @typescript-eslint/no-unused-expressions
73:171  Warning: Expected an assignment or function call and instead saw an expression.  @typescript-eslint/no-unused-expressions
73:264  Warning: Expected an assignment or function call and instead saw an expression.  @typescript-eslint/no-unused-expressions
73:380  Warning: Expected an assignment or function call and instead saw an expression.  @typescript-eslint/no-unused-expressions
73:463  Warning: Expected an assignment or function call and instead saw an expression.  @typescript-eslint/no-unused-expressions
73:3569  Warning: Expected an assignment or function call and instead saw an expression.  @typescript-eslint/no-unused-expressions
73:3787  Warning: Expected an assignment or function call and instead saw an expression.  @typescript-eslint/no-unused-expressions
73:3872  Warning: Expected an assignment or function call and instead saw an expression.  @typescript-eslint/no-unused-expressions
73:4175  Warning: Expected an assignment or function call and instead saw an expression.  @typescript-eslint/no-unused-expressions
73:5339  Warning: Expected an assignment or function call and instead saw an expression.  @typescript-eslint/no-unused-expressions
73:8983  Warning: Expected an assignment or function call and instead saw an expression.  @typescript-eslint/no-unused-expressions
78:1875  Warning: Expected an assignment or function call and instead saw an expression.  @typescript-eslint/no-unused-expressions
78:3177  Warning: Expected an assignment or function call and instead saw an expression.  @typescript-eslint/no-unused-expressions
78:3310  Warning: Expected an assignment or function call and instead saw an expression.  @typescript-eslint/no-unused-expressions
78:3496  Warning: Expected an assignment or function call and instead saw an expression.  @typescript-eslint/no-unused-expressions
78:3695  Warning: Expected an assignment or function call and instead saw an expression.  @typescript-eslint/no-unused-expressions
82:155  Warning: Expected an assignment or function call and instead saw an expression.  @typescript-eslint/no-unused-expressions
82:204  Warning: Expected an assignment or function call and instead saw an expression.  @typescript-eslint/no-unused-expressions
82:261  Warning: Expected an assignment or function call and instead saw an expression.  @typescript-eslint/no-unused-expressions
82:300  Warning: Expected an assignment or function call and instead saw an expression.  @typescript-eslint/no-unused-expressions
82:372  Warning: Expected an assignment or function call and instead saw an expression.  @typescript-eslint/no-unused-expressions
82:907  Warning: Expected an assignment or function call and instead saw an expression.  @typescript-eslint/no-unused-expressions
82:998  Warning: Expected an assignment or function call and instead saw an expression.  @typescript-eslint/no-unused-expressions
82:1186  Warning: 'o' is assigned a value but never used.  @typescript-eslint/no-unused-vars
82:2066  Warning: Expected an assignment or function call and instead saw an expression.  @typescript-eslint/no-unused-expressions
82:2138  Warning: Expected an assignment or function call and instead saw an expression.  @typescript-eslint/no-unused-expressions
82:3987  Warning: Expected an assignment or function call and instead saw an expression.  @typescript-eslint/no-unused-expressions
82:8053  Warning: Expected an assignment or function call and instead saw an expression.  @typescript-eslint/no-unused-expressions
82:8422  Warning: Expected an assignment or function call and instead saw an expression.  @typescript-eslint/no-unused-expressions
82:9382  Warning: Expected an assignment or function call and instead saw an expression.  @typescript-eslint/no-unused-expressions
83:1007  Warning: Expected an assignment or function call and instead saw an expression.  @typescript-eslint/no-unused-expressions

./src/generated/prisma/runtime/wasm-engine-edge.js
4:441  Warning: Expected an assignment or function call and instead saw an expression.  @typescript-eslint/no-unused-expressions
4:1922  Warning: Expected an assignment or function call and instead saw an expression.  @typescript-eslint/no-unused-expressions
4:2123  Warning: Expected an assignment or function call and instead saw an expression.  @typescript-eslint/no-unused-expressions
4:4090  Warning: Expected an assignment or function call and instead saw an expression.  @typescript-eslint/no-unused-expressions
4:5126  Warning: Expected an assignment or function call and instead saw an expression.  @typescript-eslint/no-unused-expressions
4:5364  Warning: Expected an assignment or function call and instead saw an expression.  @typescript-eslint/no-unused-expressions
4:5616  Warning: Expected an assignment or function call and instead saw an expression.  @typescript-eslint/no-unused-expressions
4:5859  Warning: Expected an assignment or function call and instead saw an expression.  @typescript-eslint/no-unused-expressions
4:6266  Warning: Expected an assignment or function call and instead saw an expression.  @typescript-eslint/no-unused-expressions
4:6417  Warning: Expected an assignment or function call and instead saw an expression.  @typescript-eslint/no-unused-expressions
4:6525  Warning: Expected an assignment or function call and instead saw an expression.  @typescript-eslint/no-unused-expressions
4:6673  Warning: Expected an assignment or function call and instead saw an expression.  @typescript-eslint/no-unused-expressions
4:7667  Warning: Expected an assignment or function call and instead saw an expression.  @typescript-eslint/no-unused-expressions
4:7809  Warning: Expected an assignment or function call and instead saw an expression.  @typescript-eslint/no-unused-expressions
4:10035  Warning: Expected an assignment or function call and instead saw an expression.  @typescript-eslint/no-unused-expressions
4:10473  Warning: Expected an assignment or function call and instead saw an expression.  @typescript-eslint/no-unused-expressions
4:10584  Warning: 'E' is assigned a value but never used.  @typescript-eslint/no-unused-vars
4:10609  Warning: Expected an assignment or function call and instead saw an expression.  @typescript-eslint/no-unused-expressions
4:10745  Warning: 'P' is assigned a value but never used.  @typescript-eslint/no-unused-vars
4:11375  Warning: Expected an assignment or function call and instead saw an expression.  @typescript-eslint/no-unused-expressions
4:11633  Warning: Expected an assignment or function call and instead saw an expression.  @typescript-eslint/no-unused-expressions
4:11675  Warning: Expected an assignment or function call and instead saw an expression.  @typescript-eslint/no-unused-expressions
4:11960  Warning: Expected an assignment or function call and instead saw an expression.  @typescript-eslint/no-unused-expressions
4:12816  Warning: Expected an assignment or function call and instead saw an expression.  @typescript-eslint/no-unused-expressions
4:12857  Warning: Expected an assignment or function call and instead saw an expression.  @typescript-eslint/no-unused-expressions
4:13306  Warning: Expected an assignment or function call and instead saw an expression.  @typescript-eslint/no-unused-expressions
4:13704  Warning: Expected an assignment or function call and instead saw an expression.  @typescript-eslint/no-unused-expressions
4:13817  Warning: Expected an assignment or function call and instead saw an expression.  @typescript-eslint/no-unused-expressions
4:13934  Warning: Expected an assignment or function call and instead saw an expression.  @typescript-eslint/no-unused-expressions
4:14039  Warning: Expected an assignment or function call and instead saw an expression.  @typescript-eslint/no-unused-expressions
4:14471  Warning: Expected an assignment or function call and instead saw an expression.  @typescript-eslint/no-unused-expressions
4:14536  Warning: Expected an assignment or function call and instead saw an expression.  @typescript-eslint/no-unused-expressions
4:15199  Warning: Expected an assignment or function call and instead saw an expression.  @typescript-eslint/no-unused-expressions
4:15791  Error: Unexpected aliasing of 'this' to local variable.  @typescript-eslint/no-this-alias
4:15870  Warning: Expected an assignment or function call and instead saw an expression.  @typescript-eslint/no-unused-expressions
4:15994  Warning: Expected an assignment or function call and instead saw an expression.  @typescript-eslint/no-unused-expressions
4:16011  Warning: Expected an assignment or function call and instead saw an expression.  @typescript-eslint/no-unused-expressions
4:16057  Warning: Expected an assignment or function call and instead saw an expression.  @typescript-eslint/no-unused-expressions
4:16544  Warning: Expected an assignment or function call and instead saw an expression.  @typescript-eslint/no-unused-expressions
4:17100  Warning: Expected an assignment or function call and instead saw an expression.  @typescript-eslint/no-unused-expressions
4:17614  Error: Unexpected aliasing of 'this' to local variable.  @typescript-eslint/no-this-alias
4:17883  Error: Unexpected aliasing of 'this' to local variable.  @typescript-eslint/no-this-alias
4:18085  Error: Unexpected aliasing of 'this' to local variable.  @typescript-eslint/no-this-alias
4:18696  Error: Unexpected aliasing of 'this' to local variable.  @typescript-eslint/no-this-alias
4:18970  Error: Unexpected aliasing of 'this' to local variable.  @typescript-eslint/no-this-alias
4:19077  Error: Unexpected aliasing of 'this' to local variable.  @typescript-eslint/no-this-alias
4:19445  Error: Unexpected aliasing of 'this' to local variable.  @typescript-eslint/no-this-alias
4:19558  Error: Unexpected aliasing of 'this' to local variable.  @typescript-eslint/no-this-alias
4:19787  Error: Unexpected aliasing of 'this' to local variable.  @typescript-eslint/no-this-alias
4:20381  Error: Unexpected aliasing of 'this' to local variable.  @typescript-eslint/no-this-alias
4:20599  Warning: Expected an assignment or function call and instead saw an expression.  @typescript-eslint/no-unused-expressions
4:20783  Error: Unexpected aliasing of 'this' to local variable.  @typescript-eslint/no-this-alias
4:20937  Error: Unexpected aliasing of 'this' to local variable.  @typescript-eslint/no-this-alias
4:21106  Error: Unexpected aliasing of 'this' to local variable.  @typescript-eslint/no-this-alias
4:21318  Error: Unexpected aliasing of 'this' to local variable.  @typescript-eslint/no-this-alias
4:21458  Error: Unexpected aliasing of 'this' to local variable.  @typescript-eslint/no-this-alias
4:21801  Warning: Expected an assignment or function call and instead saw an expression.  @typescript-eslint/no-unused-expressions
4:22031  Error: Unexpected aliasing of 'this' to local variable.  @typescript-eslint/no-this-alias
4:22270  Error: Unexpected aliasing of 'this' to local variable.  @typescript-eslint/no-this-alias
4:22499  Error: Unexpected aliasing of 'this' to local variable.  @typescript-eslint/no-this-alias
4:22644  Warning: Expected an assignment or function call and instead saw an expression.  @typescript-eslint/no-unused-expressions
4:22851  Warning: Expected an assignment or function call and instead saw an expression.  @typescript-eslint/no-unused-expressions
4:23355  Warning: Expected an assignment or function call and instead saw an expression.  @typescript-eslint/no-unused-expressions
4:23515  Warning: Expected an assignment or function call and instead saw an expression.  @typescript-eslint/no-unused-expressions
4:23569  Warning: Expected an assignment or function call and instead saw an expression.  @typescript-eslint/no-unused-expressions
4:24093  Warning: Expected an assignment or function call and instead saw an expression.  @typescript-eslint/no-unused-expressions
4:24930  Warning: Expected an assignment or function call and instead saw an expression.  @typescript-eslint/no-unused-expressions
4:25544  Warning: Expected an assignment or function call and instead saw an expression.  @typescript-eslint/no-unused-expressions
4:25689  Warning: Expected an assignment or function call and instead saw an expression.  @typescript-eslint/no-unused-expressions
4:25703  Warning: Expected an assignment or function call and instead saw an expression.  @typescript-eslint/no-unused-expressions
4:28961  Warning: Expected an assignment or function call and instead saw an expression.  @typescript-eslint/no-unused-expressions
4:29043  Warning: Expected an assignment or function call and instead saw an expression.  @typescript-eslint/no-unused-expressions
4:29194  Warning: Expected an assignment or function call and instead saw an expression.  @typescript-eslint/no-unused-expressions
4:29389  Warning: Expected an assignment or function call and instead saw an expression.  @typescript-eslint/no-unused-expressions
4:29547  Warning: Expected an assignment or function call and instead saw an expression.  @typescript-eslint/no-unused-expressions
4:31523  Warning: 't' is defined but never used.  @typescript-eslint/no-unused-vars
4:31632  Warning: Expected an assignment or function call and instead saw an expression.  @typescript-eslint/no-unused-expressions
4:31997  Warning: 'zu' is assigned a value but never used.  @typescript-eslint/no-unused-vars
4:32029  Warning: 'Yu' is assigned a value but never used.  @typescript-eslint/no-unused-vars
4:32051  Warning: 'Xu' is assigned a value but never used.  @typescript-eslint/no-unused-vars
4:32062  Warning: 'Zu' is assigned a value but never used.  @typescript-eslint/no-unused-vars
4:32073  Warning: 'ec' is assigned a value but never used.  @typescript-eslint/no-unused-vars
4:32084  Warning: 'tc' is assigned a value but never used.  @typescript-eslint/no-unused-vars
4:32144  Warning: 'rc' is assigned a value but never used.  @typescript-eslint/no-unused-vars
4:32168  Warning: 'nc' is assigned a value but never used.  @typescript-eslint/no-unused-vars
4:32192  Warning: 'ic' is assigned a value but never used.  @typescript-eslint/no-unused-vars
4:32204  Warning: 'oc' is assigned a value but never used.  @typescript-eslint/no-unused-vars
4:32216  Warning: 'sc' is assigned a value but never used.  @typescript-eslint/no-unused-vars
4:32228  Warning: 'ac' is assigned a value but never used.  @typescript-eslint/no-unused-vars
4:32240  Warning: 'lc' is assigned a value but never used.  @typescript-eslint/no-unused-vars
4:32252  Warning: 'uc' is assigned a value but never used.  @typescript-eslint/no-unused-vars
4:32264  Warning: 'cc' is assigned a value but never used.  @typescript-eslint/no-unused-vars
4:32276  Warning: 'mc' is assigned a value but never used.  @typescript-eslint/no-unused-vars
4:32288  Warning: 'pc' is assigned a value but never used.  @typescript-eslint/no-unused-vars
4:32557  Warning: Expected an assignment or function call and instead saw an expression.  @typescript-eslint/no-unused-expressions
4:33178  Warning: 's' is assigned a value but never used.  @typescript-eslint/no-unused-vars
4:33334  Warning: Expected an assignment or function call and instead saw an expression.  @typescript-eslint/no-unused-expressions
4:36804  Warning: Expected an assignment or function call and instead saw an expression.  @typescript-eslint/no-unused-expressions
4:38051  Warning: Expected an assignment or function call and instead saw an expression.  @typescript-eslint/no-unused-expressions
4:38236  Warning: Expected an assignment or function call and instead saw an expression.  @typescript-eslint/no-unused-expressions
4:38352  Warning: Expected an assignment or function call and instead saw an expression.  @typescript-eslint/no-unused-expressions
4:38733  Warning: Expected an assignment or function call and instead saw an expression.  @typescript-eslint/no-unused-expressions
4:39097  Warning: Expected an assignment or function call and instead saw an expression.  @typescript-eslint/no-unused-expressions
4:39396  Warning: Expected an assignment or function call and instead saw an expression.  @typescript-eslint/no-unused-expressions
4:39792  Warning: Expected an assignment or function call and instead saw an expression.  @typescript-eslint/no-unused-expressions
4:41779  Warning: 'ta' is assigned a value but never used.  @typescript-eslint/no-unused-vars
4:42527  Warning: Expected an assignment or function call and instead saw an expression.  @typescript-eslint/no-unused-expressions
4:42599  Warning: Expected an assignment or function call and instead saw an expression.  @typescript-eslint/no-unused-expressions
5:387  Warning: Expected an assignment or function call and instead saw an expression.  @typescript-eslint/no-unused-expressions
5:688  Warning: Expected an assignment or function call and instead saw an expression.  @typescript-eslint/no-unused-expressions
5:1475  Warning: Expected an assignment or function call and instead saw an expression.  @typescript-eslint/no-unused-expressions
5:2044  Warning: Expected an assignment or function call and instead saw an expression.  @typescript-eslint/no-unused-expressions
5:2144  Warning: Expected an assignment or function call and instead saw an expression.  @typescript-eslint/no-unused-expressions
6:759  Warning: Expected an assignment or function call and instead saw an expression.  @typescript-eslint/no-unused-expressions
6:1352  Warning: Expected an assignment or function call and instead saw an expression.  @typescript-eslint/no-unused-expressions
6:1465  Warning: Expected an assignment or function call and instead saw an expression.  @typescript-eslint/no-unused-expressions
6:2378  Error: Unexpected aliasing of 'this' to local variable.  @typescript-eslint/no-this-alias
6:3280  Warning: Expected an assignment or function call and instead saw an expression.  @typescript-eslint/no-unused-expressions
6:3374  Warning: Expected an assignment or function call and instead saw an expression.  @typescript-eslint/no-unused-expressions
6:3743  Warning: Expected an assignment or function call and instead saw an expression.  @typescript-eslint/no-unused-expressions
6:4896  Warning: Expected an assignment or function call and instead saw an expression.  @typescript-eslint/no-unused-expressions
6:5322  Warning: Expected an assignment or function call and instead saw an expression.  @typescript-eslint/no-unused-expressions
7:807  Warning: Expected an assignment or function call and instead saw an expression.  @typescript-eslint/no-unused-expressions
7:1129  Warning: Expected an assignment or function call and instead saw an expression.  @typescript-eslint/no-unused-expressions
7:1412  Warning: Expected an assignment or function call and instead saw an expression.  @typescript-eslint/no-unused-expressions
7:2157  Warning: Expected an assignment or function call and instead saw an expression.  @typescript-eslint/no-unused-expressions
7:2426  Warning: Expected an assignment or function call and instead saw an expression.  @typescript-eslint/no-unused-expressions
7:2741  Warning: Expected an assignment or function call and instead saw an expression.  @typescript-eslint/no-unused-expressions
7:4062  Warning: Expected an assignment or function call and instead saw an expression.  @typescript-eslint/no-unused-expressions
7:4411  Warning: Expected an assignment or function call and instead saw an expression.  @typescript-eslint/no-unused-expressions
7:4899  Warning: Expected an assignment or function call and instead saw an expression.  @typescript-eslint/no-unused-expressions
7:5293  Warning: Expected an assignment or function call and instead saw an expression.  @typescript-eslint/no-unused-expressions
7:5947  Warning: Expected an assignment or function call and instead saw an expression.  @typescript-eslint/no-unused-expressions
7:6581  Warning: Expected an assignment or function call and instead saw an expression.  @typescript-eslint/no-unused-expressions
7:6679  Warning: Expected an assignment or function call and instead saw an expression.  @typescript-eslint/no-unused-expressions
7:6792  Warning: Expected an assignment or function call and instead saw an expression.  @typescript-eslint/no-unused-expressions
7:6899  Warning: Expected an assignment or function call and instead saw an expression.  @typescript-eslint/no-unused-expressions
7:7555  Warning: Expected an assignment or function call and instead saw an expression.  @typescript-eslint/no-unused-expressions
7:8024  Warning: Expected an assignment or function call and instead saw an expression.  @typescript-eslint/no-unused-expressions
7:8176  Warning: Expected an assignment or function call and instead saw an expression.  @typescript-eslint/no-unused-expressions
7:8507  Warning: Expected an assignment or function call and instead saw an expression.  @typescript-eslint/no-unused-expressions
7:9322  Warning: Expected an assignment or function call and instead saw an expression.  @typescript-eslint/no-unused-expressions
8:7047  Warning: Expected an assignment or function call and instead saw an expression.  @typescript-eslint/no-unused-expressions
8:7312  Warning: Expected an assignment or function call and instead saw an expression.  @typescript-eslint/no-unused-expressions
8:8851  Warning: Expected an assignment or function call and instead saw an expression.  @typescript-eslint/no-unused-expressions
8:9777  Warning: Expected an assignment or function call and instead saw an expression.  @typescript-eslint/no-unused-expressions
8:9989  Warning: Expected an assignment or function call and instead saw an expression.  @typescript-eslint/no-unused-expressions
8:12625  Warning: 't' is defined but never used.  @typescript-eslint/no-unused-vars
8:12716  Warning: 'Kr' is defined but never used.  @typescript-eslint/no-unused-vars
8:12868  Warning: Expected an assignment or function call and instead saw an expression.  @typescript-eslint/no-unused-expressions
8:13459  Warning: Expected an assignment or function call and instead saw an expression.  @typescript-eslint/no-unused-expressions
8:13664  Warning: Expected an assignment or function call and instead saw an expression.  @typescript-eslint/no-unused-expressions
8:13748  Warning: Expected an assignment or function call and instead saw an expression.  @typescript-eslint/no-unused-expressions
9:1298  Warning: Expected an assignment or function call and instead saw an expression.  @typescript-eslint/no-unused-expressions
9:1340  Warning: Expected an assignment or function call and instead saw an expression.  @typescript-eslint/no-unused-expressions
9:5075  Warning: Expected an assignment or function call and instead saw an expression.  @typescript-eslint/no-unused-expressions
9:5166  Warning: Expected an assignment or function call and instead saw an expression.  @typescript-eslint/no-unused-expressions
9:5192  Warning: Expected an assignment or function call and instead saw an expression.  @typescript-eslint/no-unused-expressions
9:7288  Warning: Expected an assignment or function call and instead saw an expression.  @typescript-eslint/no-unused-expressions
14:672  Warning: Expected an assignment or function call and instead saw an expression.  @typescript-eslint/no-unused-expressions
14:1377  Warning: 'oO' is assigned a value but never used.  @typescript-eslint/no-unused-vars
14:1856  Warning: Expected an assignment or function call and instead saw an expression.  @typescript-eslint/no-unused-expressions
14:2198  Warning: Expected an assignment or function call and instead saw an expression.  @typescript-eslint/no-unused-expressions
14:3442  Warning: Expected an assignment or function call and instead saw an expression.  @typescript-eslint/no-unused-expressions
14:4005  Warning: Expected an assignment or function call and instead saw an expression.  @typescript-eslint/no-unused-expressions
14:4471  Warning: Expected an assignment or function call and instead saw an expression.  @typescript-eslint/no-unused-expressions
14:4640  Warning: Expected an assignment or function call and instead saw an expression.  @typescript-eslint/no-unused-expressions
14:4756  Warning: Expected an assignment or function call and instead saw an expression.  @typescript-eslint/no-unused-expressions
14:5323  Warning: Expected an assignment or function call and instead saw an expression.  @typescript-eslint/no-unused-expressions
14:6425  Warning: Expected an assignment or function call and instead saw an expression.  @typescript-eslint/no-unused-expressions
14:7154  Warning: Expected an assignment or function call and instead saw an expression.  @typescript-eslint/no-unused-expressions
14:7248  Warning: Expected an assignment or function call and instead saw an expression.  @typescript-eslint/no-unused-expressions
14:7365  Warning: Expected an assignment or function call and instead saw an expression.  @typescript-eslint/no-unused-expressions
14:8158  Warning: Expected an assignment or function call and instead saw an expression.  @typescript-eslint/no-unused-expressions
14:8561  Warning: Expected an assignment or function call and instead saw an expression.  @typescript-eslint/no-unused-expressions
15:197  Warning: Expected an assignment or function call and instead saw an expression.  @typescript-eslint/no-unused-expressions
15:833  Warning: Expected an assignment or function call and instead saw an expression.  @typescript-eslint/no-unused-expressions
15:1685  Warning: Expected an assignment or function call and instead saw an expression.  @typescript-eslint/no-unused-expressions
15:2613  Warning: 'e' is defined but never used.  @typescript-eslint/no-unused-vars
15:2654  Warning: 'e' is defined but never used.  @typescript-eslint/no-unused-vars
15:2685  Warning: 'e' is defined but never used.  @typescript-eslint/no-unused-vars
15:2687  Warning: 'r' is defined but never used.  @typescript-eslint/no-unused-vars
15:2689  Warning: 'n' is defined but never used.  @typescript-eslint/no-unused-vars
15:2742  Warning: 'e' is defined but never used.  @typescript-eslint/no-unused-vars
15:2795  Warning: 'e' is defined but never used.  @typescript-eslint/no-unused-vars
15:2797  Warning: 'r' is defined but never used.  @typescript-eslint/no-unused-vars
15:2855  Warning: 'e' is defined but never used.  @typescript-eslint/no-unused-vars
15:2857  Warning: 'r' is defined but never used.  @typescript-eslint/no-unused-vars
16:88  Warning: Expected an assignment or function call and instead saw an expression.  @typescript-eslint/no-unused-expressions
16:276  Warning: Expected an assignment or function call and instead saw an expression.  @typescript-eslint/no-unused-expressions
16:1616  Warning: 'a' is assigned a value but never used.  @typescript-eslint/no-unused-vars
16:1632  Warning: 'f' is assigned a value but never used.  @typescript-eslint/no-unused-vars
16:1647  Warning: 'h' is assigned a value but never used.  @typescript-eslint/no-unused-vars
16:1662  Warning: 'C' is assigned a value but never used.  @typescript-eslint/no-unused-vars
16:1870  Warning: 'r' is defined but never used.  @typescript-eslint/no-unused-vars
16:1872  Warning: 'n' is defined but never used.  @typescript-eslint/no-unused-vars
25:72  Warning: Expected an assignment or function call and instead saw an expression.  @typescript-eslint/no-unused-expressions
25:171  Warning: Expected an assignment or function call and instead saw an expression.  @typescript-eslint/no-unused-expressions
25:264  Warning: Expected an assignment or function call and instead saw an expression.  @typescript-eslint/no-unused-expressions
25:380  Warning: Expected an assignment or function call and instead saw an expression.  @typescript-eslint/no-unused-expressions
25:463  Warning: Expected an assignment or function call and instead saw an expression.  @typescript-eslint/no-unused-expressions
25:3569  Warning: Expected an assignment or function call and instead saw an expression.  @typescript-eslint/no-unused-expressions
25:3787  Warning: Expected an assignment or function call and instead saw an expression.  @typescript-eslint/no-unused-expressions
25:3872  Warning: Expected an assignment or function call and instead saw an expression.  @typescript-eslint/no-unused-expressions
25:4175  Warning: Expected an assignment or function call and instead saw an expression.  @typescript-eslint/no-unused-expressions
25:5339  Warning: Expected an assignment or function call and instead saw an expression.  @typescript-eslint/no-unused-expressions
25:8981  Warning: Expected an assignment or function call and instead saw an expression.  @typescript-eslint/no-unused-expressions
30:1875  Warning: Expected an assignment or function call and instead saw an expression.  @typescript-eslint/no-unused-expressions
30:3177  Warning: Expected an assignment or function call and instead saw an expression.  @typescript-eslint/no-unused-expressions
30:3310  Warning: Expected an assignment or function call and instead saw an expression.  @typescript-eslint/no-unused-expressions
30:3496  Warning: Expected an assignment or function call and instead saw an expression.  @typescript-eslint/no-unused-expressions
30:3695  Warning: Expected an assignment or function call and instead saw an expression.  @typescript-eslint/no-unused-expressions
34:155  Warning: Expected an assignment or function call and instead saw an expression.  @typescript-eslint/no-unused-expressions
34:204  Warning: Expected an assignment or function call and instead saw an expression.  @typescript-eslint/no-unused-expressions
34:261  Warning: Expected an assignment or function call and instead saw an expression.  @typescript-eslint/no-unused-expressions
34:300  Warning: Expected an assignment or function call and instead saw an expression.  @typescript-eslint/no-unused-expressions
34:372  Warning: Expected an assignment or function call and instead saw an expression.  @typescript-eslint/no-unused-expressions
34:907  Warning: Expected an assignment or function call and instead saw an expression.  @typescript-eslint/no-unused-expressions
34:998  Warning: Expected an assignment or function call and instead saw an expression.  @typescript-eslint/no-unused-expressions
34:1186  Warning: 'o' is assigned a value but never used.  @typescript-eslint/no-unused-vars
34:2066  Warning: Expected an assignment or function call and instead saw an expression.  @typescript-eslint/no-unused-expressions
34:2138  Warning: Expected an assignment or function call and instead saw an expression.  @typescript-eslint/no-unused-expressions
34:3986  Warning: Expected an assignment or function call and instead saw an expression.  @typescript-eslint/no-unused-expressions
34:8048  Warning: Expected an assignment or function call and instead saw an expression.  @typescript-eslint/no-unused-expressions
34:8414  Warning: Expected an assignment or function call and instead saw an expression.  @typescript-eslint/no-unused-expressions
34:9374  Warning: Expected an assignment or function call and instead saw an expression.  @typescript-eslint/no-unused-expressions
35:1007  Warning: Expected an assignment or function call and instead saw an expression.  @typescript-eslint/no-unused-expressions

./src/generated/prisma/wasm.js
18:3  Warning: 'skip' is assigned a value but never used.  @typescript-eslint/no-unused-vars
24:3  Warning: 'warnOnce' is assigned a value but never used.  @typescript-eslint/no-unused-vars
27:3  Warning: 'getRuntime' is assigned a value but never used.  @typescript-eslint/no-unused-vars
28:3  Warning: 'createParam' is assigned a value but never used.  @typescript-eslint/no-unused-vars
29:5  Error: A `require()` style import is forbidden.  @typescript-eslint/no-require-imports
423:27  Error: A `require()` style import is forbidden.  @typescript-eslint/no-require-imports

./src/hooks/useRealtime.ts
55:34  Error: Unexpected any. Specify a different type.  @typescript-eslint/no-explicit-any

./src/lib/auth.ts
1:27  Warning: 'User' is defined but never used.  @typescript-eslint/no-unused-vars
1:33  Warning: 'Session' is defined but never used.  @typescript-eslint/no-unused-vars
2:10  Warning: 'PrismaAdapter' is defined but never used.  @typescript-eslint/no-unused-vars

./src/lib/realtime.ts
139:11  Warning: 'now' is assigned a value but never used.  @typescript-eslint/no-unused-vars

./src/lib/seo.tsx
42:67  Error: Unexpected any. Specify a different type.  @typescript-eslint/no-explicit-any
45:14  Error: Unexpected any. Specify a different type.  @typescript-eslint/no-explicit-any
57:42  Error: Unexpected any. Specify a different type.  @typescript-eslint/no-explicit-any
57:77  Error: Unexpected any. Specify a different type.  @typescript-eslint/no-explicit-any
62:31  Error: Unexpected any. Specify a different type.  @typescript-eslint/no-explicit-any
63:65  Error: Unexpected any. Specify a different type.  @typescript-eslint/no-explicit-any
73:94  Error: Unexpected any. Specify a different type.  @typescript-eslint/no-explicit-any
73:109  Error: Unexpected any. Specify a different type.  @typescript-eslint/no-explicit-any
74:23  Error: Unexpected any. Specify a different type.  @typescript-eslint/no-explicit-any
95:76  Error: Unexpected any. Specify a different type.  @typescript-eslint/no-explicit-any

info  - Need to disable some ESLint rules? Learn more here: https://nextjs.org/docs/app/api-reference/config/eslint#disabling-rules
